user_id,recency,frequency,monetary,clv,avg_order_value,avg_days_between_orders
7,21,21,11,231,2.75,9.952380952380953
13,13,13,5,65,0.35714285714285715,7.076923076923077
23,5,5,9,45,0.47368421052631576,14.8
27,82,82,13,1066,0.52,4.378048780487805
36,38,38,3,114,0.125,9.289473684210526
42,17,17,6,102,0.5,13.058823529411764
46,20,20,10,200,1.6666666666666667,16.5
64,11,11,1,11,0.06666666666666667,10.636363636363637
66,7,7,5,35,0.2,24.714285714285715
67,25,25,3,75,0.42857142857142855,7.16
70,14,14,5,70,0.20833333333333334,18.5
71,24,24,21,504,1.6153846153846154,13.791666666666666
75,24,24,11,264,1.1,8.375
90,72,72,18,1296,1.125,3.4027777777777777
118,28,28,7,196,1.75,12.821428571428571
126,11,11,20,220,1.1111111111111112,21.90909090909091
137,7,7,12,84,0.36363636363636365,19.0
138,33,33,5,165,1.0,10.787878787878787
140,77,77,23,1771,4.6,4.740259740259741
150,32,32,25,800,2.0833333333333335,10.15625
155,23,23,12,276,3.0,14.652173913043478
159,5,5,21,105,1.6153846153846154,19.2
164,11,11,25,275,3.125,15.727272727272727
173,45,45,1,45,0.03571428571428571,5.911111111111111
176,7,7,9,63,0.6,19.714285714285715
187,33,33,5,165,0.8333333333333334,6.666666666666667
195,59,59,2,118,0.5,5.389830508474576
206,29,29,5,145,1.25,11.96551724137931
208,19,19,5,95,0.25,9.157894736842104
210,100,100,61,6100,12.2,3.3
214,28,28,24,672,4.0,11.25
218,7,7,1,7,0.029411764705882353,12.285714285714286
222,71,71,5,355,0.1,5.140845070422535
223,50,50,18,900,4.5,7.28
226,22,22,12,264,0.375,13.545454545454545
229,18,18,11,198,1.0,13.0
233,26,26,16,416,0.37209302325581395,8.076923076923077
236,46,46,26,1196,2.888888888888889,5.804347826086956
248,59,59,15,885,1.5,6.067796610169491
257,21,21,4,84,0.16,4.285714285714286
262,46,46,8,368,2.0,7.130434782608695
270,23,23,1,23,0.0625,11.695652173913043
271,16,16,2,32,0.2,17.8125
275,15,15,5,75,0.5,10.333333333333334
280,42,42,2,84,0.06451612903225806,8.404761904761905
289,50,50,12,600,0.23076923076923078,6.88
304,43,43,4,172,0.8,7.883720930232558
323,72,72,10,720,0.8333333333333334,2.4166666666666665
334,64,64,6,384,0.8571428571428571,5.578125
355,14,14,7,98,1.75,14.857142857142858
370,28,28,11,308,2.75,9.357142857142858
378,9,9,3,27,0.15,21.22222222222222
380,13,13,3,39,0.17647058823529413,13.153846153846153
381,17,17,13,221,0.43333333333333335,13.117647058823529
382,30,30,4,120,0.4,10.066666666666666
394,6,6,19,114,4.75,22.5
396,19,19,19,361,4.75,14.368421052631579
409,87,87,4,348,0.13793103448275862,4.172413793103448
413,21,21,10,210,2.5,7.619047619047619
417,10,10,4,40,0.4444444444444444,18.2
422,28,28,15,420,0.3488372093023256,8.964285714285714
423,43,43,1,43,0.2,8.488372093023257
430,9,9,8,72,0.8,9.222222222222221
440,19,19,3,57,0.2,8.105263157894736
451,33,33,7,231,0.28,9.0
453,14,14,8,112,0.14545454545454545,17.0
468,7,7,4,28,0.4444444444444444,23.285714285714285
470,17,17,4,68,0.5714285714285714,7.117647058823529
474,30,30,3,90,0.10344827586206896,7.533333333333333
481,36,36,16,576,1.6,9.722222222222221
495,25,25,11,275,0.13253012048192772,12.88
496,83,83,7,581,0.7,3.3734939759036147
503,37,37,9,333,1.8,9.72972972972973
508,20,20,1,20,0.08333333333333333,11.05
521,7,7,7,49,0.6363636363636364,19.857142857142858
529,51,51,14,714,3.5,6.254901960784314
541,6,6,5,30,1.25,18.666666666666668
560,35,35,5,175,1.0,7.514285714285714
562,52,52,1,52,0.16666666666666666,4.480769230769231
568,11,11,15,165,3.75,13.636363636363637
583,35,35,27,945,3.0,9.542857142857143
585,12,12,5,60,1.0,17.666666666666668
587,13,13,8,104,0.42105263157894735,11.615384615384615
593,18,18,2,36,0.3333333333333333,15.444444444444445
631,8,8,12,96,2.0,16.625
635,24,24,5,120,0.22727272727272727,14.166666666666666
646,57,57,5,285,0.5,6.368421052631579
649,46,46,16,736,1.6,7.891304347826087
650,10,10,13,130,0.8666666666666667,14.4
652,96,96,13,1248,0.5,3.5729166666666665
653,26,26,6,156,0.6666666666666666,11.576923076923077
655,79,79,13,1027,3.25,4.620253164556962
667,76,76,10,760,0.6666666666666666,4.434210526315789
669,29,29,7,203,1.1666666666666667,7.827586206896552
672,19,19,14,266,2.0,13.631578947368421
678,22,22,17,374,1.8888888888888888,11.045454545454545
682,20,20,4,80,0.5714285714285714,12.1
688,64,64,6,384,1.5,4.171875
719,73,73,14,1022,0.5833333333333334,4.958904109589041
756,22,22,18,396,3.0,8.545454545454545
770,5,5,5,25,1.25,18.4
773,10,10,9,90,0.8181818181818182,16.8
775,9,9,12,108,3.0,19.333333333333332
786,100,100,9,900,0.21951219512195122,3.15
787,41,41,10,410,2.5,7.463414634146342
800,22,22,3,66,0.5,11.636363636363637
806,14,14,1,14,0.045454545454545456,14.0
817,16,16,14,224,0.2,19.4375
818,70,70,4,280,0.8,5.114285714285714
824,22,22,3,66,0.3,14.0
839,27,27,49,1323,4.9,10.777777777777779
849,30,30,5,150,0.625,6.166666666666667
854,84,84,22,1848,1.375,3.5833333333333335
857,47,47,15,705,0.4838709677419355,7.425531914893617
868,86,86,8,688,1.6,4.244186046511628
885,22,22,14,308,0.6086956521739131,12.909090909090908
892,13,13,13,169,0.4482758620689655,6.384615384615385
894,67,67,10,670,1.6666666666666667,5.343283582089552
898,53,53,7,371,0.6363636363636364,6.283018867924528
911,40,40,13,520,1.625,8.75
917,26,26,18,468,3.6,6.769230769230769
920,5,5,5,25,0.38461538461538464,9.4
933,33,33,5,165,0.8333333333333334,10.515151515151516
938,15,15,1,15,0.14285714285714285,20.4
961,50,50,7,350,0.25,7.22
963,49,49,8,392,0.08,4.489795918367347
964,100,100,7,700,1.1666666666666667,2.25
967,5,5,12,60,0.2033898305084746,24.0
971,25,25,2,50,0.08695652173913043,14.04
975,32,32,7,224,1.4,11.1875
978,15,15,28,420,1.8666666666666667,16.2
982,14,14,36,504,5.142857142857143,22.357142857142858
999,39,39,25,975,3.125,8.615384615384615
1000,8,8,15,120,2.5,11.75
1006,5,5,13,65,1.4444444444444444,21.4
1009,20,20,9,180,1.8,15.05
1022,79,79,1,79,0.0625,4.265822784810126
1024,100,100,2,200,0.25,0.66
1043,10,10,22,220,0.8148148148148148,21.6
1044,27,27,14,378,3.5,9.88888888888889
1050,27,27,10,270,0.7692307692307693,11.11111111111111
1059,36,36,29,1044,2.6363636363636362,7.194444444444445
1061,4,4,4,16,0.3076923076923077,16.5
1072,16,16,13,208,2.1666666666666665,6.0625
1081,8,8,5,40,0.5555555555555556,9.125
1082,9,9,4,36,0.19047619047619047,21.22222222222222
1095,32,32,15,480,0.75,10.625
1103,8,8,3,24,0.375,10.375
1105,8,8,13,104,1.4444444444444444,7.0
1120,75,75,13,975,2.6,4.066666666666666
1122,21,21,17,357,2.125,9.619047619047619
1130,50,50,5,250,0.625,6.22
1135,5,5,6,30,0.23076923076923078,17.8
1139,30,30,20,600,1.6666666666666667,12.033333333333333
1140,12,12,1,12,0.03225806451612903,13.0
1156,17,17,22,374,1.375,16.294117647058822
1164,79,79,20,1580,0.8333333333333334,4.620253164556962
1177,52,52,6,312,0.5,6.884615384615385
1191,48,48,5,240,1.25,7.4375
1202,62,62,13,806,0.3611111111111111,5.887096774193548
1203,36,36,7,252,0.6363636363636364,6.555555555555555
1210,18,18,9,162,1.8,15.833333333333334
1223,4,4,13,52,1.0,7.0
1225,27,27,16,432,2.6666666666666665,11.703703703703704
1232,25,25,2,50,0.2222222222222222,11.04
1235,9,9,15,135,0.7142857142857143,17.555555555555557
1237,29,29,25,725,0.8333333333333334,10.206896551724139
1240,63,63,12,756,0.8571428571428571,4.809523809523809
1241,14,14,8,112,0.1111111111111111,18.428571428571427
1242,72,72,2,144,0.18181818181818182,4.208333333333333
1243,11,11,3,33,0.3,17.181818181818183
1246,53,53,8,424,0.8888888888888888,3.3207547169811322
1263,27,27,5,135,0.09803921568627451,11.518518518518519
1264,51,51,11,561,1.8333333333333333,7.137254901960785
1271,49,49,21,1029,1.05,7.428571428571429
1273,8,8,3,24,0.2727272727272727,18.875
1274,11,11,7,77,1.0,24.09090909090909
1302,4,4,20,80,2.857142857142857,22.5
1321,18,18,12,216,2.4,16.944444444444443
1325,9,9,4,36,0.4444444444444444,15.222222222222221
1332,12,12,10,120,2.5,16.0
1342,7,7,7,49,0.875,7.428571428571429
1344,28,28,3,84,0.1875,12.285714285714286
1350,14,14,6,84,0.6666666666666666,9.642857142857142
1368,36,36,3,108,0.75,7.055555555555555
1372,21,21,33,693,1.5,14.285714285714286
1373,22,22,2,44,0.5,11.181818181818182
1378,80,80,28,2240,2.5454545454545454,4.55
1381,32,32,24,768,0.7741935483870968,9.0
1387,24,24,3,72,0.21428571428571427,11.208333333333334
1390,35,35,4,140,0.36363636363636365,9.857142857142858
1402,14,14,2,28,0.25,12.357142857142858
1413,9,9,24,216,1.7142857142857142,5.333333333333333
1417,11,11,1,11,0.08333333333333333,2.909090909090909
1423,8,8,32,256,0.47058823529411764,7.875
1427,67,67,4,268,0.04,5.223880597014926
1428,100,100,6,600,0.75,1.94
1437,7,7,2,14,0.04,19.0
1440,10,10,16,160,1.7777777777777777,17.5
1487,34,34,9,306,2.25,8.382352941176471
1496,25,25,6,150,0.5454545454545454,11.12
1498,33,33,15,495,3.0,9.333333333333334
1503,12,12,6,72,0.17142857142857143,24.25
1519,48,48,4,192,0.18181818181818182,7.458333333333333
1531,49,49,8,392,0.3333333333333333,7.122448979591836
1537,74,74,2,148,0.03636363636363636,4.54054054054054
1548,14,14,19,266,0.19,9.357142857142858
1549,100,100,4,400,0.2857142857142857,3.02
1553,46,46,12,552,3.0,7.195652173913044
1578,8,8,5,40,0.17857142857142858,17.5
1579,28,28,10,280,1.0,12.714285714285714
1602,10,10,6,60,0.5,19.3
1615,51,51,13,663,3.25,7.1568627450980395
1617,19,19,7,133,1.4,6.526315789473684
1623,21,21,5,105,0.5555555555555556,13.80952380952381
1627,14,14,17,238,3.4,12.785714285714286
1629,37,37,8,296,1.6,9.18918918918919
1630,5,5,15,75,3.75,9.8
1632,4,4,8,32,1.3333333333333333,22.5
1642,20,20,5,100,0.625,8.9
1657,12,12,2,24,0.06060606060606061,14.166666666666666
1658,33,33,3,99,0.15,7.484848484848484
1663,4,4,22,88,5.5,16.5
1666,100,100,7,700,0.7,3.53
1667,10,10,10,100,2.5,20.6
1672,22,22,9,198,0.45,13.636363636363637
1676,11,11,15,165,0.6818181818181818,16.0
1679,20,20,9,180,0.20930232558139536,17.7
1683,100,100,25,2500,6.25,3.03
1696,5,5,6,30,0.2608695652173913,15.6
1697,23,23,4,92,0.36363636363636365,14.652173913043478
1710,4,4,13,52,1.625,22.5
1712,21,21,16,336,2.2857142857142856,12.904761904761905
1716,64,64,32,2048,8.0,5.609375
1719,15,15,11,165,2.2,17.066666666666666
1727,41,41,13,533,3.25,8.804878048780488
1737,28,28,11,308,0.6111111111111112,11.0
1743,37,37,5,185,0.8333333333333334,9.72972972972973
1746,10,10,8,80,1.0,15.0
1748,41,41,17,697,1.7,8.707317073170731
1750,36,36,25,900,1.4705882352941178,9.63888888888889
1753,58,58,10,580,0.13333333333333333,6.103448275862069
1756,6,6,2,12,0.2857142857142857,20.5
1764,39,39,7,273,1.75,8.435897435897436
1767,24,24,3,72,0.21428571428571427,14.75
1778,13,13,4,52,0.2857142857142857,16.0
1793,60,60,13,780,3.25,6.05
1815,34,34,16,544,4.0,10.352941176470589
1824,14,14,5,70,0.5,16.142857142857142
1828,18,18,20,360,2.857142857142857,16.333333333333332
1839,6,6,6,36,0.15789473684210525,11.333333333333334
1850,61,61,40,2440,2.0,5.950819672131147
1859,39,39,37,1443,7.4,9.23076923076923
1862,44,44,2,88,0.14285714285714285,5.681818181818182
1866,98,98,9,882,1.2857142857142858,3.6530612244897958
1867,7,7,4,28,0.04,17.285714285714285
1868,100,100,11,1100,2.2,2.71
1873,7,7,8,56,0.38095238095238093,15.428571428571429
1874,21,21,6,126,0.8571428571428571,11.476190476190476
1899,25,25,57,1425,14.25,13.12
1901,10,10,14,140,2.8,15.3
1920,12,12,41,492,6.833333333333333,13.5
1922,6,6,7,42,0.3181818181818182,18.5
1923,22,22,12,264,0.6666666666666666,14.590909090909092
1930,63,63,6,378,0.6666666666666666,5.079365079365079
1932,4,4,11,44,0.7333333333333333,20.25
1937,10,10,6,60,0.8571428571428571,9.8
1943,58,58,8,464,1.0,6.258620689655173
1948,52,52,13,676,1.4444444444444444,6.153846153846154
1955,37,37,16,592,2.0,9.81081081081081
1958,100,100,13,1300,2.6,2.86
1976,12,12,3,36,0.25,10.5
1983,56,56,17,952,1.0,6.5
1989,6,6,22,132,0.5238095238095238,14.833333333333334
1992,36,36,13,468,0.5,5.833333333333333
1993,26,26,10,260,1.6666666666666667,13.26923076923077
2011,48,48,7,336,0.2916666666666667,6.354166666666667
2013,27,27,7,189,1.75,5.296296296296297
2018,8,8,3,24,0.0967741935483871,21.25
2022,35,35,13,455,2.6,6.428571428571429
2033,25,25,10,250,0.9090909090909091,7.72
2049,65,65,3,195,0.3,4.538461538461538
2053,21,21,1,21,0.2,13.238095238095237
2055,86,86,10,860,0.7692307692307693,4.244186046511628
2059,5,5,8,40,1.1428571428571428,8.6
2075,32,32,8,256,0.7272727272727273,3.8125
2083,14,14,3,42,0.75,14.5
2084,4,4,2,8,0.14285714285714285,16.25
2086,16,16,13,208,0.8666666666666667,18.5
2092,5,5,1,5,0.14285714285714285,17.0
2103,10,10,1,10,0.16666666666666666,12.2
2115,21,21,2,42,0.15384615384615385,9.476190476190476
2117,20,20,23,460,0.8518518518518519,8.8
2118,27,27,16,432,0.8,11.703703703703704
2121,12,12,19,228,1.7272727272727273,16.333333333333332
2130,39,39,5,195,0.7142857142857143,8.615384615384615
2131,7,7,15,105,1.875,12.285714285714286
2150,18,18,7,126,0.5384615384615384,12.722222222222221
2152,6,6,2,12,0.1111111111111111,19.666666666666668
2160,32,32,13,416,1.8571428571428572,10.28125
2162,32,32,1,32,0.018518518518518517,9.53125
2173,8,8,4,32,0.5,20.75
2175,25,25,12,300,1.5,11.92
2184,38,38,6,228,0.42857142857142855,9.342105263157896
2201,11,11,22,242,2.2,17.181818181818183
2211,56,56,17,952,0.53125,4.696428571428571
2215,61,61,2,122,0.04878048780487805,4.475409836065574
2225,82,82,23,1886,3.2857142857142856,4.378048780487805
2229,33,33,28,924,1.3333333333333333,9.575757575757576
2237,25,25,4,100,1.0,13.52
2246,18,18,6,108,1.2,19.5
2258,48,48,88,4224,6.285714285714286,7.479166666666667
2262,38,38,11,418,2.2,6.684210526315789
2267,18,18,10,180,0.3448275862068966,14.166666666666666
2278,38,38,16,608,1.3333333333333333,9.447368421052632
2282,22,22,1,22,0.2,10.727272727272727
2286,26,26,13,338,2.6,11.038461538461538
2299,4,4,4,16,1.0,10.75
2312,21,21,11,231,0.36666666666666664,14.904761904761905
2313,30,30,7,210,1.75,11.366666666666667
2315,10,10,2,20,0.16666666666666666,20.3
2329,10,10,6,60,1.0,17.5
2330,6,6,9,54,1.8,19.666666666666668
2334,23,23,5,115,0.1111111111111111,13.347826086956522
2335,45,45,52,2340,1.793103448275862,8.0
2337,4,4,2,8,0.25,22.25
2342,18,18,18,324,3.0,14.38888888888889
2344,90,90,10,900,0.7692307692307693,4.033333333333333
2366,31,31,3,93,0.42857142857142855,11.64516129032258
2371,27,27,7,189,1.0,6.888888888888889
2375,18,18,6,108,1.5,13.277777777777779
2383,69,69,9,621,1.5,5.260869565217392
2399,85,85,14,1190,3.5,4.294117647058823
2408,9,9,6,54,0.12244897959183673,7.0
2420,13,13,30,390,5.0,13.692307692307692
2423,18,18,21,378,1.0,13.444444444444445
2440,46,46,25,1150,2.0833333333333335,7.434782608695652
2443,21,21,20,420,2.0,13.238095238095237
2456,54,54,5,270,1.0,5.37037037037037
2461,18,18,7,126,0.2916666666666667,8.0
2462,24,24,32,768,4.0,11.666666666666666
2474,36,36,19,684,1.0555555555555556,9.88888888888889
2475,18,18,6,108,0.24,15.61111111111111
2486,10,10,15,150,1.3636363636363635,17.4
2495,34,34,15,510,0.26785714285714285,10.0
2496,56,56,26,1456,0.8666666666666667,6.5
2514,35,35,4,140,0.6666666666666666,10.428571428571429
2515,6,6,6,36,0.3333333333333333,10.833333333333334
2529,20,20,17,340,0.9444444444444444,9.15
2531,63,63,5,315,1.25,5.301587301587301
2533,26,26,4,104,0.19047619047619047,6.0
2535,71,71,18,1278,2.5714285714285716,5.126760563380282
2539,51,51,4,204,0.5,6.823529411764706
2542,18,18,5,90,0.7142857142857143,13.11111111111111
2547,6,6,1,6,0.09090909090909091,3.5
2550,42,42,2,84,0.16666666666666666,8.571428571428571
2555,44,44,2,88,0.046511627906976744,8.204545454545455
2556,43,43,1,43,0.25,8.44186046511628
2558,21,21,12,252,3.0,14.142857142857142
2565,12,12,22,264,0.6285714285714286,18.083333333333332
2578,14,14,15,210,3.75,8.714285714285714
2590,18,18,3,54,0.07317073170731707,12.5
2593,30,30,28,840,7.0,8.666666666666666
2599,4,4,18,72,1.3846153846153846,20.0
2604,98,98,22,2156,1.8333333333333333,3.5816326530612246
2609,44,44,6,264,0.25,6.340909090909091
2614,18,18,13,234,2.6,13.0
2627,25,25,10,250,0.45454545454545453,13.8
2638,37,37,13,481,1.8571428571428572,6.783783783783784
2642,10,10,2,20,0.2222222222222222,25.2
2646,61,61,7,427,1.75,5.950819672131147
2650,63,63,7,441,0.6363636363636364,5.111111111111111
2655,35,35,6,210,1.2,9.6
2658,71,71,5,355,0.2777777777777778,3.5492957746478875
2668,19,19,13,247,1.625,8.210526315789474
2676,52,52,18,936,2.5714285714285716,7.0
2688,82,82,38,3116,1.0555555555555556,4.426829268292683
2689,36,36,16,576,0.3333333333333333,8.0
2698,12,12,8,96,1.3333333333333333,13.5
2700,15,15,1,15,0.03225806451612903,2.533333333333333
2735,89,89,46,4094,2.7058823529411766,4.078651685393258
2739,7,7,6,42,0.4,22.428571428571427
2754,16,16,5,80,0.45454545454545453,3.625
2758,9,9,6,54,1.5,7.888888888888889
2776,20,20,19,380,1.0,11.55
2777,19,19,6,114,0.3157894736842105,14.842105263157896
2785,55,55,8,440,0.27586206896551724,6.454545454545454
2797,11,11,5,55,0.625,7.909090909090909
2807,54,54,2,108,0.07142857142857142,6.7592592592592595
2808,28,28,4,112,1.0,11.928571428571429
2822,10,10,14,140,0.9333333333333333,8.5
2823,15,15,13,195,1.625,16.0
2825,40,40,3,120,0.3,9.0
2830,32,32,16,512,3.2,11.375
2833,11,11,2,22,0.08,11.636363636363637
2838,11,11,6,66,1.0,14.909090909090908
2839,6,6,13,78,1.3,16.166666666666668
2849,46,46,5,230,0.20833333333333334,7.8478260869565215
2868,31,31,28,868,4.0,10.096774193548388
2876,17,17,4,68,0.2857142857142857,14.411764705882353
2879,31,31,4,124,0.23529411764705882,11.129032258064516
2880,17,17,2,34,0.09090909090909091,7.882352941176471
2887,19,19,12,228,1.7142857142857142,15.473684210526315
2899,63,63,8,504,1.3333333333333333,5.523809523809524
2904,27,27,5,135,0.45454545454545453,6.407407407407407
2917,31,31,10,310,1.4285714285714286,10.0
2924,11,11,12,132,3.0,9.454545454545455
2947,31,31,10,310,1.4285714285714286,10.419354838709678
2964,61,61,3,183,0.11538461538461539,2.180327868852459
2970,20,20,8,160,1.6,15.95
2976,33,33,11,363,0.7333333333333333,9.151515151515152
2985,29,29,9,261,0.8181818181818182,11.517241379310345
2989,26,26,10,260,0.9090909090909091,7.076923076923077
3001,18,18,6,108,1.2,16.166666666666668
3002,5,5,6,30,0.6,15.6
3004,26,26,13,338,1.1818181818181819,12.73076923076923
3007,33,33,5,165,1.25,10.454545454545455
3040,6,6,7,42,1.1666666666666667,16.0
3051,12,12,17,204,1.0,11.0
3060,10,10,3,30,0.375,14.9
3097,32,32,7,224,0.23333333333333334,9.0
3106,26,26,3,78,0.10714285714285714,10.846153846153847
3107,28,28,1,28,0.038461538461538464,11.035714285714286
3108,26,26,4,104,0.23529411764705882,6.1923076923076925
3121,16,16,6,96,0.3333333333333333,18.5
3140,17,17,16,272,2.0,17.529411764705884
3148,57,57,16,912,4.0,6.385964912280702
3159,12,12,10,120,2.0,18.916666666666668
3192,5,5,7,35,1.4,21.0
3209,8,8,11,88,0.2894736842105263,18.0
3219,52,52,15,780,0.6,6.75
3242,28,28,22,616,2.2,11.178571428571429
3243,10,10,14,140,2.3333333333333335,21.5
3252,42,42,2,84,0.4,8.238095238095237
3255,91,91,8,728,0.16666666666666666,3.901098901098901
3257,22,22,4,88,0.4444444444444444,6.363636363636363
3267,11,11,9,99,0.75,6.7272727272727275
3269,82,82,8,656,2.0,4.402439024390244
3273,52,52,27,1404,6.75,7.019230769230769
3280,18,18,7,126,1.75,15.277777777777779
3283,44,44,7,308,0.3888888888888889,5.136363636363637
3319,7,7,23,161,2.5555555555555554,20.428571428571427
3321,33,33,11,363,1.2222222222222223,10.545454545454545
3326,29,29,13,377,1.0,12.379310344827585
3327,13,13,6,78,0.75,18.692307692307693
3351,4,4,12,48,2.0,18.75
3357,23,23,14,322,0.4827586206896552,14.391304347826088
3358,29,29,26,754,5.2,12.0
3366,4,4,6,24,0.6666666666666666,19.25
3375,46,46,5,230,1.25,7.869565217391305
3377,100,100,3,300,0.09090909090909091,3.19
3378,33,33,7,231,0.30434782608695654,9.727272727272727
3387,27,27,3,81,0.6,12.925925925925926
3393,20,20,6,120,0.09230769230769231,11.9
3394,65,65,4,260,0.5714285714285714,5.246153846153846
3412,59,59,19,1121,1.7272727272727273,6.067796610169491
3417,37,37,30,1110,0.36585365853658536,8.945945945945946
3422,52,52,10,520,1.6666666666666667,7.0
3428,26,26,16,416,1.4545454545454546,11.192307692307692
3434,8,8,4,32,0.1,12.625
3435,40,40,7,280,1.1666666666666667,8.725
3453,23,23,1,23,0.058823529411764705,15.08695652173913
3456,43,43,10,430,1.0,6.953488372093023
3459,4,4,16,64,1.0,20.25
3475,93,93,6,558,1.5,3.838709677419355
3481,32,32,6,192,0.2727272727272727,11.34375
3484,63,63,2,126,0.045454545454545456,5.746031746031746
3485,44,44,9,396,1.8,8.272727272727273
3493,17,17,7,119,0.3181818181818182,16.294117647058822
3513,12,12,19,228,0.19,21.416666666666668
3514,100,100,3,300,0.6,1.22
3534,15,15,7,105,1.4,17.0
3536,65,65,57,3705,6.333333333333333,5.2615384615384615
3546,12,12,11,132,2.75,14.666666666666666
3549,37,37,25,925,1.3157894736842106,8.567567567567568
3550,19,19,5,95,0.19230769230769232,17.05263157894737
3558,48,48,3,144,0.3,7.5625
3562,28,28,1,28,0.25,11.785714285714286
3569,10,10,4,40,0.23529411764705882,19.1
3571,27,27,5,135,0.20833333333333334,5.111111111111111
3572,24,24,12,288,1.3333333333333333,12.125
3579,80,80,26,2080,1.1304347826086956,4.55
3582,19,19,4,76,0.6666666666666666,14.263157894736842
3583,6,6,2,12,0.03076923076923077,22.5
3584,65,65,10,650,2.0,5.584615384615384
3593,84,84,6,504,0.2222222222222222,4.345238095238095
3597,53,53,29,1537,4.833333333333333,6.867924528301887
3599,10,10,3,30,0.06,10.0
3612,64,64,1,64,0.25,5.40625
3615,24,24,2,48,0.2857142857142857,5.541666666666667
3616,7,7,10,70,0.37037037037037035,12.285714285714286
3626,42,42,11,462,0.7333333333333333,8.595238095238095
3628,9,9,17,153,0.8095238095238095,20.22222222222222
3633,7,7,5,35,0.125,18.714285714285715
3634,40,40,9,360,0.5625,4.25
3644,20,20,5,100,0.5555555555555556,10.8
3646,7,7,13,91,3.25,19.571428571428573
3648,37,37,8,296,1.3333333333333333,8.675675675675675
3651,33,33,11,363,0.2682926829268293,10.424242424242424
3656,12,12,13,156,0.7222222222222222,14.083333333333334
3657,18,18,4,72,0.4444444444444444,15.555555555555555
3667,39,39,1,39,0.25,8.333333333333334
3671,10,10,17,170,1.2142857142857142,25.4
3677,9,9,8,72,2.0,8.444444444444445
3680,27,27,4,108,0.17391304347826086,5.962962962962963
3683,21,21,10,210,2.5,8.0
3688,13,13,3,39,0.17647058823529413,17.846153846153847
3708,6,6,10,60,1.0,5.166666666666667
3725,35,35,9,315,0.3103448275862069,8.17142857142857
3741,41,41,3,123,0.03,8.268292682926829
3755,7,7,19,133,4.75,23.0
3758,7,7,4,28,0.3333333333333333,13.142857142857142
3770,59,59,7,413,0.5833333333333334,6.135593220338983
3773,9,9,11,99,2.2,19.0
3782,52,52,27,1404,4.5,6.9423076923076925
3787,87,87,5,435,0.8333333333333334,4.195402298850575
3789,20,20,20,400,3.3333333333333335,12.0
3804,28,28,1,28,0.2,7.178571428571429
3807,45,45,13,585,0.5652173913043478,7.8
3818,23,23,13,299,1.1818181818181819,12.652173913043478
3823,20,20,14,280,0.7368421052631579,10.65
3827,68,68,10,680,0.625,2.5441176470588234
3828,16,16,5,80,0.35714285714285715,15.625
3829,14,14,7,98,0.08235294117647059,14.785714285714286
3830,85,85,43,3655,4.3,4.270588235294118
3905,56,56,7,392,0.5,6.410714285714286
3937,6,6,15,90,2.5,19.666666666666668
3947,5,5,4,20,0.36363636363636365,21.8
3961,8,8,17,136,1.7,12.625
3962,10,10,13,130,1.625,13.3
3963,8,8,17,136,0.2833333333333333,11.0
3964,60,60,23,1380,1.7692307692307692,5.45
3974,49,49,43,2107,10.75,7.142857142857143
3976,13,13,12,156,1.2,6.3076923076923075
3985,46,46,8,368,2.0,5.021739130434782
3990,27,27,22,594,1.5714285714285714,11.25925925925926
3994,11,11,6,66,1.2,13.727272727272727
4004,37,37,8,296,2.0,9.756756756756756
4006,43,43,1,43,0.1,6.511627906976744
4018,6,6,3,18,0.375,14.833333333333334
4041,28,28,9,252,1.2857142857142858,11.5
4048,21,21,17,357,4.25,13.761904761904763
4057,8,8,14,112,2.8,20.125
4058,5,5,13,65,1.625,24.0
4061,5,5,12,60,3.0,21.0
4066,7,7,8,56,0.11267605633802817,10.0
4067,71,71,7,497,1.1666666666666667,4.605633802816901
4069,29,29,4,116,1.0,9.586206896551724
4076,48,48,15,720,1.3636363636363635,7.583333333333333
4087,46,46,12,552,3.0,7.913043478260869
4090,54,54,14,756,0.875,6.7592592592592595
4099,35,35,7,245,0.30434782608695654,9.485714285714286
4111,14,14,9,126,1.2857142857142858,10.5
4118,45,45,17,765,0.288135593220339,7.355555555555555
4121,22,22,12,264,0.2926829268292683,13.363636363636363
4122,41,41,2,82,0.11764705882352941,8.707317073170731
4129,22,22,6,132,0.13333333333333333,16.40909090909091
4130,45,45,12,540,0.75,7.688888888888889
4141,10,10,10,100,2.0,24.3
4166,51,51,15,765,1.25,7.019607843137255
4171,19,19,3,57,0.23076923076923078,12.263157894736842
4176,42,42,12,504,0.24,5.761904761904762
4178,20,20,27,540,0.7714285714285715,15.85
4189,11,11,7,77,0.5384615384615384,19.454545454545453
4199,100,100,12,1200,2.4,3.44
4200,5,5,10,50,1.0,20.0
4201,10,10,15,150,2.5,12.1
4207,4,4,3,12,0.07142857142857142,20.25
4209,22,22,10,220,1.0,12.727272727272727
4216,12,12,13,156,1.8571428571428572,11.0
4218,24,24,64,1536,9.142857142857142,13.791666666666666
4220,37,37,4,148,0.36363636363636365,7.945945945945946
4252,24,24,4,96,0.4,13.958333333333334
4267,50,50,8,400,1.6,6.46
4280,18,18,1,18,0.010416666666666666,13.777777777777779
4281,96,96,2,192,0.09090909090909091,3.8020833333333335
4282,22,22,14,308,1.2727272727272727,13.681818181818182
4295,8,8,9,72,1.8,10.75
4297,59,59,26,1534,1.7333333333333334,6.169491525423729
4312,30,30,11,330,0.9166666666666666,9.066666666666666
4313,12,12,16,192,4.0,6.916666666666667
4315,8,8,6,48,0.8571428571428571,18.375
4325,27,27,4,108,0.07407407407407407,12.666666666666666
4326,54,54,10,540,0.7692307692307693,6.7592592592592595
4336,19,19,42,798,10.5,9.68421052631579
4340,13,13,8,104,0.7272727272727273,15.923076923076923
4344,35,35,9,315,0.10843373493975904,8.771428571428572
4356,100,100,28,2800,2.5454545454545454,2.83
4362,35,35,8,280,0.12121212121212122,7.2
4363,66,66,22,1452,1.8333333333333333,5.53030303030303
4368,57,57,7,399,0.23333333333333334,6.333333333333333
4369,30,30,8,240,2.0,6.5
4376,21,21,21,441,0.84,7.809523809523809
4381,21,21,5,105,0.05,12.095238095238095
4385,18,18,6,108,0.75,19.555555555555557
4389,17,17,8,136,0.3076923076923077,11.647058823529411
4394,10,10,1,10,0.2,13.4
4416,9,9,17,153,0.6538461538461539,13.444444444444445
4433,22,22,1,22,0.043478260869565216,13.636363636363637
4436,20,20,9,180,0.5294117647058824,8.7
4440,11,11,10,110,0.16393442622950818,24.818181818181817
4441,61,61,4,244,0.06349206349206349,5.19672131147541
4443,6,6,8,48,1.6,17.0
4459,37,37,7,259,1.0,9.108108108108109
4477,40,40,44,1760,8.8,9.075
4484,16,16,7,112,1.75,17.8125
4490,100,100,21,2100,5.25,3.41
4499,100,100,10,1000,1.6666666666666667,3.58
4507,29,29,4,116,0.8,7.793103448275862
4520,12,12,14,168,0.8235294117647058,5.583333333333333
4525,10,10,8,80,2.0,15.1
4531,55,55,5,275,0.8333333333333334,6.218181818181818
4544,52,52,17,884,1.7,6.980769230769231
4549,5,5,18,90,2.5714285714285716,21.4
4558,100,100,2,200,0.18181818181818182,2.59
4584,42,42,5,210,0.8333333333333334,8.666666666666666
4588,7,7,9,63,2.25,4.571428571428571
4591,40,40,22,880,3.142857142857143,8.375
4596,81,81,4,324,0.2222222222222222,4.45679012345679
4597,18,18,5,90,1.25,13.833333333333334
4599,48,48,9,432,1.5,7.354166666666667
4602,38,38,9,342,2.25,9.105263157894736
4604,8,8,19,152,2.375,7.75
4609,12,12,6,72,0.11538461538461539,12.666666666666666
4610,52,52,8,416,0.2857142857142857,6.826923076923077
4612,16,16,3,48,0.09375,19.25
4623,12,12,25,300,2.0833333333333335,17.416666666666668
4629,39,39,5,195,0.8333333333333334,7.846153846153846
4631,32,32,17,544,2.4285714285714284,7.4375
4645,81,81,4,324,0.12121212121212122,4.493827160493828
4647,45,45,10,450,0.625,7.088888888888889
4652,7,7,7,49,0.23333333333333334,21.285714285714285
4661,37,37,12,444,3.0,9.594594594594595
4674,34,34,14,476,1.0769230769230769,9.764705882352942
4693,100,100,10,1000,0.1111111111111111,1.84
4697,31,31,9,279,1.0,10.935483870967742
4703,36,36,40,1440,2.857142857142857,9.805555555555555
4705,77,77,10,770,1.25,4.714285714285714
4711,100,100,15,1500,0.75,2.78
4713,27,27,13,351,1.4444444444444444,8.074074074074074
4724,90,90,66,5940,13.2,4.055555555555555
4730,23,23,4,92,0.10810810810810811,2.869565217391304
4731,37,37,12,444,0.7058823529411765,9.45945945945946
4758,37,37,3,111,0.6,9.54054054054054
4762,55,55,12,660,1.7142857142857142,6.6
4764,100,100,4,400,0.19047619047619047,1.33
4787,14,14,11,154,1.1,16.857142857142858
4789,55,55,38,2090,3.4545454545454546,6.5636363636363635
4793,22,22,9,198,0.5,13.136363636363637
4820,6,6,12,72,2.4,20.5
4823,20,20,4,80,0.8,13.6
4851,37,37,12,444,1.5,9.405405405405405
4855,28,28,13,364,0.7222222222222222,10.821428571428571
4865,42,42,6,252,0.8571428571428571,8.214285714285714
4869,32,32,5,160,0.35714285714285715,6.8125
4881,15,15,9,135,0.5,14.866666666666667
4900,18,18,17,306,2.4285714285714284,11.277777777777779
4931,5,5,15,75,3.75,7.2
4937,8,8,7,56,1.1666666666666667,17.875
4940,8,8,8,64,0.14035087719298245,22.75
4947,10,10,2,20,0.07692307692307693,13.3
4948,26,26,18,468,0.3333333333333333,10.192307692307692
4949,54,54,19,1026,0.8636363636363636,4.592592592592593
4950,22,22,10,220,1.4285714285714286,7.045454545454546
4962,17,17,33,561,8.25,10.529411764705882
4966,45,45,15,675,0.42857142857142855,8.066666666666666
4971,14,14,15,210,1.0714285714285714,15.285714285714286
4974,47,47,21,987,1.1666666666666667,7.74468085106383
4987,21,21,10,210,0.9090909090909091,9.571428571428571
4988,11,11,10,110,2.0,19.636363636363637
4990,7,7,10,70,0.625,18.0
4993,27,27,6,162,0.21428571428571427,7.62962962962963
4994,28,28,3,84,0.2,9.892857142857142
5000,45,45,3,135,0.42857142857142855,7.2
5006,7,7,7,49,0.5384615384615384,14.285714285714286
5010,4,4,5,20,0.2631578947368421,21.5
5017,29,29,20,580,1.1764705882352942,12.0
5030,32,32,10,320,0.625,9.21875
5032,13,13,8,104,0.6666666666666666,19.076923076923077
5033,12,12,5,60,0.625,18.833333333333332
5036,6,6,16,96,1.4545454545454546,14.833333333333334
5045,7,7,9,63,0.5,9.714285714285714
5057,24,24,15,360,0.4166666666666667,9.583333333333334
5065,10,10,18,180,3.0,7.6
5066,6,6,14,84,1.75,21.5
5070,36,36,10,360,0.47619047619047616,9.722222222222221
5076,17,17,7,119,0.23333333333333334,10.588235294117647
5085,15,15,4,60,0.6666666666666666,9.933333333333334
5098,7,7,2,14,0.11764705882352941,6.428571428571429
5101,100,100,17,1700,1.8888888888888888,3.47
5103,64,64,6,384,0.8571428571428571,5.3125
5109,18,18,4,72,0.23529411764705882,19.444444444444443
5110,17,17,14,238,1.4,13.058823529411764
5145,6,6,1,6,0.25,17.166666666666668
5148,43,43,5,215,1.0,8.023255813953488
5149,5,5,2,10,0.18181818181818182,20.4
5152,22,22,7,154,1.1666666666666667,13.0
5156,31,31,16,496,1.4545454545454546,11.225806451612904
5159,28,28,8,224,0.5333333333333333,8.964285714285714
5189,66,66,6,396,0.5,5.515151515151516
5194,5,5,36,180,0.8372093023255814,9.6
5206,22,22,12,264,1.5,9.909090909090908
5209,65,65,8,520,0.25,5.476923076923077
5211,68,68,8,544,0.5,4.617647058823529
5217,34,34,7,238,0.35,7.5
5220,26,26,20,520,0.46511627906976744,13.807692307692308
5236,59,59,5,295,0.07352941176470588,4.88135593220339
5241,29,29,13,377,1.625,12.379310344827585
5255,6,6,3,18,0.09375,10.333333333333334
5258,31,31,10,310,1.4285714285714286,10.225806451612904
5266,37,37,6,222,0.6,6.918918918918919
5275,6,6,17,102,4.25,21.0
5285,57,57,16,912,2.6666666666666665,4.9298245614035086
5286,6,6,13,78,0.17567567567567569,20.5
5288,42,42,19,798,2.375,8.333333333333334
5296,100,100,21,2100,1.1666666666666667,1.92
5299,33,33,3,99,0.375,10.666666666666666
5303,33,33,29,957,0.9354838709677419,8.787878787878787
5307,33,33,17,561,0.5151515151515151,10.242424242424242
5308,33,33,8,264,0.5,8.696969696969697
5314,32,32,8,256,1.1428571428571428,11.09375
5315,7,7,11,77,0.3548387096774194,24.428571428571427
5321,14,14,29,406,3.2222222222222223,19.642857142857142
5326,11,11,8,88,1.3333333333333333,19.818181818181817
5330,47,47,19,893,1.3571428571428572,6.382978723404255
5342,66,66,7,462,0.875,3.727272727272727
5346,18,18,14,252,3.5,12.055555555555555
5349,6,6,13,78,1.0,13.166666666666666
5360,57,57,73,4161,1.3035714285714286,6.4035087719298245
5361,56,56,18,1008,0.5625,6.482142857142857
5362,32,32,5,160,0.0684931506849315,11.375
5365,6,6,6,36,0.2857142857142857,10.666666666666666
5374,23,23,8,184,0.2962962962962963,12.130434782608695
5377,82,82,6,492,1.5,4.439024390243903
5381,31,31,2,62,0.03389830508474576,10.161290322580646
5387,21,21,1,21,0.25,6.714285714285714
5392,39,39,23,897,3.8333333333333335,8.743589743589743
5394,21,21,3,63,0.42857142857142855,10.761904761904763
5400,30,30,6,180,1.5,11.166666666666666
5408,30,30,3,90,0.16666666666666666,8.0
5409,18,18,6,108,0.15789473684210525,12.833333333333334
5412,14,14,13,182,3.25,7.0
5430,37,37,13,481,3.25,9.297297297297296
5436,9,9,19,171,3.1666666666666665,13.444444444444445
5439,4,4,11,44,0.1527777777777778,7.5
5440,72,72,5,360,0.3125,5.055555555555555
5441,16,16,26,416,3.25,11.6875
5449,100,100,25,2500,1.3157894736842106,3.58
5452,6,6,9,54,0.2647058823529412,8.833333333333334
5453,34,34,17,578,1.4166666666666667,10.264705882352942
5465,4,4,27,108,0.7105263157894737,19.75
5473,12,12,18,216,2.5714285714285716,6.666666666666667
5474,7,7,12,84,0.75,10.285714285714286
5493,80,80,40,3200,1.3793103448275863,4.425
5498,16,16,12,192,0.9230769230769231,10.0625
5500,57,57,5,285,0.4166666666666667,6.350877192982456
5502,51,51,8,408,2.0,7.0
5519,54,54,18,972,4.5,6.611111111111111
5536,5,5,3,15,0.1875,15.0
5543,8,8,51,408,2.8333333333333335,21.375
5552,16,16,6,96,0.35294117647058826,3.125
5568,6,6,12,72,3.0,14.5
5575,5,5,10,50,2.0,11.8
5583,25,25,5,125,0.7142857142857143,12.48
5587,26,26,14,364,0.15217391304347827,13.23076923076923
5588,92,92,47,4324,0.7121212121212122,3.608695652173913
5591,22,22,6,132,1.2,14.636363636363637
5598,11,11,10,110,0.18867924528301888,20.09090909090909
5601,16,16,6,96,0.16216216216216217,16.5
5610,18,18,27,486,2.076923076923077,6.222222222222222
5613,26,26,23,598,0.575,9.653846153846153
5629,27,27,6,162,0.46153846153846156,8.407407407407407
5639,63,63,9,567,0.8181818181818182,5.777777777777778
5642,18,18,20,360,3.3333333333333335,11.38888888888889
5647,18,18,10,180,0.47619047619047616,9.5
5665,94,94,14,1316,1.4,3.872340425531915
5674,8,8,2,16,0.14285714285714285,17.0
5690,4,4,3,12,0.6,12.25
5692,71,71,15,1065,2.5,5.028169014084507
5695,23,23,15,345,1.6666666666666667,10.347826086956522
5712,44,44,11,484,1.8333333333333333,8.068181818181818
5715,54,54,19,1026,1.9,6.685185185185185
5718,22,22,2,44,0.18181818181818182,15.227272727272727
5721,41,41,3,123,0.3333333333333333,7.536585365853658
5729,6,6,7,42,0.35,22.666666666666668
5731,38,38,5,190,0.05,8.368421052631579
5732,100,100,18,1800,4.5,3.09
5738,33,33,46,1518,5.111111111111111,7.696969696969697
5745,38,38,11,418,1.1,9.342105263157896
5757,7,7,8,56,2.0,21.0
5758,4,4,9,36,1.5,16.0
5762,26,26,36,936,3.272727272727273,13.346153846153847
5769,45,45,6,270,0.3333333333333333,5.711111111111111
5777,11,11,1,11,0.2,16.545454545454547
5779,28,28,20,560,0.8695652173913043,12.821428571428571
5782,20,20,2,40,0.4,7.4
5785,25,25,5,125,0.5555555555555556,11.76
5788,10,10,11,110,1.375,20.9
5789,8,8,9,72,2.25,19.5
5801,23,23,15,345,0.28846153846153844,10.826086956521738
5802,52,52,2,104,0.5,4.865384615384615
5806,9,9,1,9,0.045454545454545456,15.666666666666666
5808,8,8,10,80,0.20833333333333334,20.25
5818,29,29,5,145,0.2777777777777778,9.413793103448276
5824,29,29,10,290,0.3225806451612903,6.241379310344827
5848,51,51,18,918,2.0,6.980392156862745
5860,66,66,7,462,0.5384615384615384,5.318181818181818
5875,7,7,2,14,0.16666666666666666,21.285714285714285
5897,54,54,29,1566,1.9333333333333333,6.685185185185185
5900,67,67,9,603,0.47368421052631576,5.447761194029851
5902,7,7,2,14,0.10526315789473684,20.285714285714285
5910,21,21,6,126,0.46153846153846156,15.238095238095237
5914,16,16,1,16,0.08333333333333333,15.0
5917,7,7,6,42,1.0,18.571428571428573
5927,62,62,42,2604,6.0,5.838709677419355
5932,100,100,3,300,0.5,3.44
5934,23,23,5,115,0.35714285714285715,12.347826086956522
5937,27,27,7,189,1.0,6.407407407407407
5938,7,7,7,49,0.22580645161290322,23.285714285714285
5942,27,27,3,81,0.17647058823529413,11.037037037037036
5946,35,35,2,70,0.1,10.228571428571428
5950,47,47,1,47,0.16666666666666666,7.148936170212766
5957,7,7,6,42,1.2,7.142857142857143
5963,42,42,14,588,2.0,8.023809523809524
5966,5,5,15,75,1.5,20.6
5970,16,16,27,432,0.34615384615384615,9.125
5978,39,39,10,390,1.25,9.333333333333334
5984,24,24,2,48,0.13333333333333333,10.791666666666666
5992,41,41,2,82,0.2222222222222222,8.658536585365853
6003,29,29,7,203,0.25925925925925924,11.689655172413794
6012,57,57,4,228,0.16666666666666666,6.4035087719298245
6020,21,21,7,147,1.4,11.761904761904763
6028,17,17,24,408,2.6666666666666665,11.529411764705882
6031,9,9,3,27,0.1875,8.666666666666666
6035,19,19,6,114,0.4,7.2631578947368425
6045,100,100,2,200,0.3333333333333333,1.75
6050,11,11,6,66,1.2,14.545454545454545
6060,45,45,10,450,0.43478260869565216,8.044444444444444
6064,31,31,18,558,0.9473684210526315,10.806451612903226
6069,36,36,1,36,0.1111111111111111,8.13888888888889
6072,35,35,1,35,0.09090909090909091,8.142857142857142
6077,13,13,13,169,3.25,12.23076923076923
6080,18,18,8,144,1.1428571428571428,15.944444444444445
6085,31,31,10,310,1.25,11.0
6090,16,16,5,80,0.29411764705882354,13.9375
6092,16,16,11,176,1.8333333333333333,14.0625
6094,72,72,11,792,1.2222222222222223,5.0
6099,21,21,31,651,3.4444444444444446,12.19047619047619
6101,8,8,1,8,0.25,14.75
6103,11,11,3,33,0.75,12.636363636363637
6107,25,25,7,175,1.0,13.2
6118,75,75,21,1575,4.2,4.826666666666667
6126,9,9,20,180,1.1764705882352942,5.111111111111111
6131,50,50,15,750,1.875,6.64
6136,18,18,28,504,4.0,14.11111111111111
6139,25,25,26,650,2.1666666666666665,10.44
6141,18,18,47,846,1.3428571428571427,9.11111111111111
6142,35,35,3,105,0.3333333333333333,9.857142857142858
6158,45,45,8,360,0.6666666666666666,7.822222222222222
6163,29,29,15,435,2.142857142857143,11.137931034482758
6164,7,7,7,49,0.875,13.857142857142858
6175,96,96,11,1056,1.375,3.78125
6177,14,14,49,686,12.25,17.071428571428573
6201,4,4,2,8,0.5,5.75
6216,30,30,14,420,0.5833333333333334,12.166666666666666
6228,5,5,1,5,0.037037037037037035,17.4
6241,25,25,35,875,7.0,11.8
6246,22,22,5,110,1.25,8.181818181818182
6250,56,56,7,392,0.5384615384615384,6.517857142857143
6254,46,46,5,230,1.0,7.130434782608695
6288,14,14,29,406,2.230769230769231,7.785714285714286
6291,44,44,12,528,0.5714285714285714,7.568181818181818
6302,21,21,5,105,0.3333333333333333,5.095238095238095
6320,23,23,2,46,0.16666666666666666,10.73913043478261
6329,16,16,6,96,0.06382978723404255,12.4375
6344,13,13,10,130,0.25,14.846153846153847
6360,61,61,2,122,0.2857142857142857,5.114754098360656
6362,15,15,18,270,0.3333333333333333,12.533333333333333
6371,6,6,1,6,0.017857142857142856,12.833333333333334
6390,6,6,1,6,0.018867924528301886,19.166666666666668
6392,8,8,3,24,0.2,12.25
6401,8,8,5,40,0.14285714285714285,15.125
6405,8,8,15,120,3.75,17.375
6409,42,42,125,5250,4.62962962962963,8.69047619047619
6413,9,9,4,36,0.8,6.777777777777778
6417,72,72,36,2592,6.0,4.666666666666667
6418,6,6,13,78,0.6842105263157895,22.833333333333332
6419,19,19,2,38,0.5,16.526315789473685
6436,13,13,28,364,2.3333333333333335,15.692307692307692
6437,12,12,1,12,0.05,15.916666666666666
6441,39,39,9,351,1.8,8.076923076923077
6448,100,100,8,800,0.14285714285714285,3.37
6456,26,26,9,234,0.24324324324324326,11.73076923076923
6462,7,7,6,42,0.24,19.142857142857142
6463,25,25,1,25,0.08333333333333333,12.64
6467,67,67,21,1407,0.9130434782608695,5.417910447761194
6468,23,23,15,345,3.75,13.217391304347826
6472,24,24,6,144,1.0,11.541666666666666
6482,25,25,2,50,0.5,9.08
6492,88,88,8,704,1.1428571428571428,4.068181818181818
6494,100,100,4,400,0.3076923076923077,3.14
6501,29,29,17,493,1.3076923076923077,11.379310344827585
6517,15,15,32,480,2.4615384615384617,12.266666666666667
6532,59,59,6,354,1.2,6.067796610169491
6537,38,38,5,190,1.0,7.921052631578948
6539,13,13,8,104,0.8,10.846153846153847
6545,20,20,4,80,0.08888888888888889,8.2
6559,10,10,5,50,0.5,17.0
6560,10,10,2,20,0.2,9.7
6567,48,48,28,1344,0.717948717948718,7.5625
6573,27,27,6,162,1.0,12.185185185185185
6575,48,48,8,384,1.6,7.541666666666667
6577,43,43,22,946,1.4666666666666666,7.953488372093023
6587,41,41,4,164,0.23529411764705882,5.780487804878049
6588,17,17,16,272,1.0666666666666667,17.11764705882353
6589,15,15,19,285,4.75,6.066666666666666
6591,9,9,11,99,1.375,16.444444444444443
6605,6,6,3,18,0.14285714285714285,9.833333333333334
6613,22,22,5,110,1.25,13.363636363636363
6634,39,39,4,156,0.17391304347826086,3.58974358974359
6636,19,19,7,133,0.5,9.157894736842104
6637,14,14,12,168,0.46153846153846156,16.142857142857142
6643,9,9,14,126,0.6363636363636364,7.888888888888889
6647,29,29,30,870,1.4285714285714286,10.517241379310345
6654,10,10,16,160,0.27586206896551724,17.7
6665,4,4,6,24,0.5454545454545454,5.5
6667,21,21,11,231,0.4583333333333333,11.047619047619047
6673,19,19,10,190,2.0,12.157894736842104
6682,10,10,16,160,2.6666666666666665,7.5
6688,9,9,3,27,0.375,14.777777777777779
6689,8,8,14,112,0.6086956521739131,19.75
6690,23,23,5,115,1.25,12.73913043478261
6692,56,56,21,1176,0.3684210526315789,6.517857142857143
6693,57,57,7,399,1.0,5.964912280701754
6696,27,27,7,189,0.2692307692307692,10.481481481481481
6697,26,26,20,520,1.5384615384615385,11.923076923076923
6698,13,13,13,169,0.8666666666666667,9.384615384615385
6705,37,37,43,1591,10.75,7.891891891891892
6707,22,22,4,88,0.16666666666666666,9.772727272727273
6709,10,10,6,60,0.06,23.7
6710,100,100,31,3100,2.3846153846153846,3.65
6721,42,42,11,462,2.75,7.9523809523809526
6724,15,15,18,270,2.0,18.2
6734,45,45,4,180,0.3076923076923077,8.088888888888889
6735,13,13,14,182,0.7368421052631579,17.0
6736,19,19,7,133,1.1666666666666667,3.8421052631578947
6739,16,16,7,112,0.875,14.25
6743,5,5,5,25,0.7142857142857143,3.0
6754,85,85,21,1785,1.6153846153846154,4.247058823529412
6756,51,51,5,255,0.3125,6.686274509803922
6766,4,4,10,40,0.7692307692307693,12.0
6778,52,52,18,936,0.5142857142857142,5.826923076923077
6786,17,17,23,391,3.8333333333333335,14.705882352941176
6801,80,80,37,2960,7.4,4.5625
6803,48,48,8,384,1.6,7.5
6808,74,74,11,814,2.75,2.8783783783783785
6810,67,67,9,603,0.75,3.8507462686567164
6812,23,23,2,46,0.2222222222222222,9.043478260869565
6817,13,13,5,65,0.38461538461538464,11.692307692307692
6820,26,26,5,130,0.06666666666666667,9.423076923076923
6821,75,75,4,300,0.18181818181818182,4.866666666666666
6822,22,22,5,110,0.5,12.5
6832,12,12,14,168,0.6363636363636364,13.833333333333334
6841,24,24,8,192,2.0,13.958333333333334
6851,28,28,30,840,3.75,10.785714285714286
6852,8,8,1,8,0.2,9.25
6856,23,23,10,230,2.5,10.26086956521739
6859,17,17,15,255,0.5769230769230769,11.529411764705882
6877,5,5,9,45,0.6923076923076923,22.2
6895,64,64,9,576,0.9,5.6875
6915,55,55,9,495,1.0,6.527272727272727
6921,61,61,10,610,0.5555555555555556,5.983606557377049
6933,86,86,8,688,1.1428571428571428,4.209302325581396
6938,26,26,7,182,1.4,12.384615384615385
6956,69,69,4,276,0.4444444444444444,5.101449275362318
6978,100,100,8,800,0.5333333333333333,3.05
6983,9,9,7,63,0.4666666666666667,15.666666666666666
6985,7,7,8,56,0.25806451612903225,23.285714285714285
6990,29,29,29,841,2.9,12.068965517241379
6993,67,67,4,268,0.6666666666666666,5.388059701492537
7004,9,9,4,36,0.8,7.0
7016,22,22,2,44,0.3333333333333333,12.863636363636363
7018,24,24,10,240,0.24390243902439024,10.458333333333334
7019,41,41,8,328,1.3333333333333333,8.829268292682928
7020,6,6,9,54,0.6923076923076923,20.0
7027,46,46,24,1104,6.0,7.695652173913044
7043,15,15,1,15,0.03225806451612903,20.4
7044,31,31,27,837,0.391304347826087,11.161290322580646
7077,53,53,11,583,0.9166666666666666,3.69811320754717
7103,34,34,14,476,2.0,8.088235294117647
7105,7,7,3,21,0.5,15.142857142857142
7114,24,24,7,168,1.75,12.458333333333334
7116,5,5,2,10,0.25,8.6
7119,37,37,2,74,0.02,9.405405405405405
7127,14,14,6,84,0.4,10.357142857142858
7144,47,47,4,188,1.0,7.404255319148936
7149,39,39,15,585,0.8823529411764706,7.9743589743589745
7151,42,42,7,294,0.2916666666666667,8.238095238095237
7156,13,13,11,143,2.2,14.615384615384615
7166,11,11,2,22,0.3333333333333333,19.272727272727273
7167,6,6,2,12,0.07692307692307693,18.5
7168,26,26,11,286,1.2222222222222223,7.038461538461538
7175,100,100,5,500,1.25,2.78
7185,57,57,6,342,0.75,6.4035087719298245
7186,8,8,17,136,0.8947368421052632,10.5
7187,19,19,3,57,0.25,14.68421052631579
7191,71,71,3,213,0.17647058823529413,3.563380281690141
7203,4,4,15,60,3.0,8.0
7205,60,60,2,120,0.4,3.5833333333333335
7206,5,5,5,25,0.14705882352941177,15.0
7228,39,39,6,234,0.2857142857142857,8.615384615384615
7229,21,21,2,42,0.1111111111111111,4.666666666666667
7233,46,46,11,506,1.1,5.826086956521739
7236,21,21,6,126,0.6,8.952380952380953
7245,88,88,16,1408,2.0,4.1477272727272725
7251,6,6,2,12,0.1111111111111111,20.666666666666668
7278,100,100,20,2000,0.2,3.06
7279,100,100,23,2300,1.3529411764705883,3.24
7280,17,17,8,136,1.3333333333333333,6.0
7287,68,68,8,544,0.6666666666666666,5.3088235294117645
7293,37,37,24,888,1.263157894736842,4.918918918918919
7299,4,4,6,24,0.6666666666666666,21.5
7301,14,14,1,14,0.16666666666666666,9.142857142857142
7307,19,19,10,190,2.5,17.157894736842106
7309,55,55,10,550,0.25,3.6363636363636362
7321,50,50,1,50,0.02702702702702703,6.9
7329,18,18,18,324,3.0,16.72222222222222
7331,43,43,4,172,0.5714285714285714,7.0
7333,14,14,3,42,0.13636363636363635,10.571428571428571
7334,22,22,19,418,3.8,10.590909090909092
7335,5,5,5,25,0.1111111111111111,10.2
7342,40,40,5,200,1.0,9.05
7344,14,14,13,182,1.0833333333333333,11.428571428571429
7351,11,11,1,11,0.125,14.818181818181818
7358,60,60,13,780,0.37142857142857144,4.233333333333333
7359,35,35,17,595,1.0,10.057142857142857
7372,7,7,8,56,0.6153846153846154,20.285714285714285
7374,25,25,1,25,0.25,5.6
7379,5,5,6,30,1.2,16.8
7380,5,5,12,60,0.9230769230769231,8.0
7386,55,55,8,440,1.3333333333333333,5.490909090909091
7402,70,70,1,70,0.07142857142857142,5.171428571428572
7404,17,17,7,119,0.6363636363636364,12.941176470588236
7415,8,8,5,40,0.23809523809523808,22.5
7427,40,40,4,160,0.5,7.8
7439,8,8,12,96,0.12,20.625
7440,100,100,10,1000,0.3333333333333333,3.09
7448,11,11,9,99,0.23684210526315788,16.545454545454547
7449,38,38,8,304,0.5333333333333333,9.473684210526315
7465,31,31,1,31,0.14285714285714285,6.387096774193548
7470,42,42,5,210,1.0,8.19047619047619
7492,40,40,23,920,2.5555555555555554,9.1
7497,37,37,30,1110,6.0,7.162162162162162
7503,44,44,21,924,0.7,8.227272727272727
7513,17,17,17,289,1.4166666666666667,15.588235294117647
7520,25,25,12,300,1.0,10.32
7524,7,7,1,7,0.1,12.428571428571429
7543,45,45,16,720,0.6153846153846154,6.111111111111111
7562,66,66,24,1584,0.3870967741935484,5.2727272727272725
7565,68,68,4,272,1.0,5.220588235294118
7569,8,8,13,104,2.6,10.75
7580,40,40,3,120,0.10714285714285714,6.725
7593,5,5,6,30,1.5,23.2
7608,48,48,9,432,1.5,3.5416666666666665
7610,18,18,15,270,0.8823529411764706,9.833333333333334
7618,37,37,19,703,2.375,9.108108108108109
7622,12,12,3,36,0.17647058823529413,14.75
7625,16,16,6,96,1.5,11.5625
7636,31,31,13,403,0.5,10.96774193548387
7641,47,47,26,1222,1.625,7.340425531914893
7649,34,34,17,578,1.7,5.852941176470588
7653,12,12,21,252,2.3333333333333335,19.25
7658,100,100,2,200,0.16666666666666666,1.34
7663,21,21,4,84,0.23529411764705882,9.142857142857142
7677,20,20,10,200,2.0,12.55
7682,17,17,4,68,0.3076923076923077,9.882352941176471
7695,30,30,18,540,0.72,11.2
7701,32,32,35,1120,2.9166666666666665,8.8125
7706,13,13,12,156,1.0909090909090908,12.153846153846153
7716,17,17,2,34,0.2,5.0588235294117645
7717,10,10,8,80,0.38095238095238093,10.3
7732,29,29,6,174,1.5,12.03448275862069
7738,26,26,19,494,0.37254901960784315,9.26923076923077
7743,25,25,23,575,0.23,12.52
7744,100,100,38,3800,3.8,3.58
7746,35,35,32,1120,8.0,9.971428571428572
7755,12,12,9,108,0.42857142857142855,22.083333333333332
7761,12,12,9,108,0.1875,15.916666666666666
7762,48,48,7,336,1.0,5.375
7775,48,48,4,192,0.5,7.458333333333333
7776,8,8,24,192,0.9230769230769231,7.0
7780,4,4,4,16,0.4,22.5
7792,43,43,40,1720,5.0,8.162790697674419
7806,29,29,6,174,0.35294117647058826,12.413793103448276
7809,50,50,4,200,0.1,6.24
7810,40,40,17,680,1.5454545454545454,8.825
7818,60,60,24,1440,4.8,4.216666666666667
7819,5,5,4,20,0.6666666666666666,16.0
7831,36,36,6,216,0.06,9.666666666666666
7832,100,100,11,1100,0.3793103448275862,3.4
7848,15,15,5,75,0.35714285714285715,8.133333333333333
7852,9,9,26,234,0.43333333333333335,13.88888888888889
7855,86,86,5,430,0.8333333333333334,4.209302325581396
7864,6,6,11,66,2.2,21.833333333333332
7866,20,20,10,200,2.5,10.75
7870,22,22,11,242,0.1896551724137931,8.590909090909092
7874,28,28,5,140,0.2,2.607142857142857
7885,22,22,8,176,1.1428571428571428,13.636363636363637
7886,7,7,3,21,0.75,8.0
7892,57,57,5,285,0.8333333333333334,6.192982456140351
7896,32,32,6,192,0.5454545454545454,9.65625
7903,31,31,17,527,3.4,11.258064516129032
7911,73,73,7,511,0.16666666666666666,4.712328767123288
7913,18,18,7,126,0.6363636363636364,8.88888888888889
7917,9,9,9,81,0.45,10.444444444444445
7927,41,41,11,451,2.75,8.707317073170731
7934,6,6,10,60,1.0,9.666666666666666
7943,4,4,5,20,0.2777777777777778,7.5
7952,10,10,2,20,0.4,9.8
7962,28,28,8,224,1.0,8.892857142857142
7966,6,6,5,30,0.15151515151515152,20.666666666666668
7981,32,32,4,128,0.21052631578947367,10.28125
7982,19,19,3,57,0.3,5.421052631578948
7983,10,10,9,90,1.8,22.1
7988,6,6,19,114,2.375,21.333333333333332
7991,9,9,14,126,0.875,15.222222222222221
8018,4,4,2,8,0.08333333333333333,16.0
8020,19,19,10,190,1.6666666666666667,15.473684210526315
8022,42,42,6,252,0.3157894736842105,5.904761904761905
8032,6,6,2,12,0.06060606060606061,25.0
8035,12,12,5,60,0.5555555555555556,11.75
8037,22,22,13,286,0.6842105263157895,11.727272727272727
8043,23,23,4,92,0.2,11.695652173913043
8044,20,20,2,40,0.5,7.9
8046,50,50,12,600,0.8571428571428571,4.34
8047,14,14,32,448,8.0,9.5
8054,50,50,2,100,0.15384615384615385,7.04
8058,80,80,11,880,0.2037037037037037,4.5625
8059,54,54,14,756,1.1666666666666667,5.574074074074074
8061,53,53,35,1855,1.5909090909090908,6.773584905660377
8068,20,20,5,100,0.625,10.45
8075,22,22,4,88,0.4444444444444444,8.272727272727273
8076,9,9,4,36,0.6666666666666666,21.666666666666668
8084,18,18,7,126,0.07,13.38888888888889
8086,100,100,1,100,0.07692307692307693,3.5
8088,10,10,7,70,0.4666666666666667,18.6
8089,15,15,6,90,1.0,2.6666666666666665
8091,92,92,17,1564,0.7083333333333334,3.8152173913043477
8092,24,24,1,24,0.125,5.375
8100,68,68,3,204,0.5,4.102941176470588
8129,19,19,8,152,0.6153846153846154,10.631578947368421
8154,6,6,3,18,0.6,11.833333333333334
8167,38,38,9,342,1.0,7.157894736842105
8170,42,42,10,420,2.5,8.547619047619047
8175,4,4,5,20,0.5,22.5
8189,7,7,3,21,0.17647058823529413,14.142857142857142
8198,46,46,12,552,0.46153846153846156,7.934782608695652
8212,13,13,6,78,1.2,9.384615384615385
8216,62,62,13,806,0.5909090909090909,5.387096774193548
8221,29,29,4,116,1.0,7.9655172413793105
8229,6,6,4,24,0.4444444444444444,9.666666666666666
8236,19,19,8,152,0.12121212121212122,6.2105263157894735
8241,45,45,9,405,2.25,7.977777777777778
8245,60,60,9,540,0.47368421052631576,6.05
8248,27,27,18,486,3.0,9.11111111111111
8257,46,46,16,736,1.3333333333333333,6.804347826086956
8260,16,16,17,272,1.4166666666666667,15.625
8265,57,57,13,741,1.8571428571428572,5.280701754385965
8269,11,11,13,143,0.21311475409836064,16.454545454545453
8273,31,31,49,1519,1.5806451612903225,9.193548387096774
8309,12,12,3,36,0.1111111111111111,22.0
8310,27,27,15,405,0.8333333333333334,12.296296296296296
8313,10,10,1,10,0.2,13.0
8323,37,37,2,74,0.4,8.702702702702704
8337,40,40,3,120,0.061224489795918366,8.325
8340,32,32,20,640,2.857142857142857,9.84375
8351,30,30,2,60,0.2857142857142857,6.1
8356,52,52,2,104,0.046511627906976744,6.75
8359,100,100,47,4700,2.0434782608695654,2.29
8365,100,100,9,900,0.4090909090909091,2.31
8378,5,5,11,55,1.375,19.2
8379,8,8,9,72,0.6428571428571429,15.75
8384,10,10,1,10,0.058823529411764705,23.8
8392,35,35,9,315,1.8,8.2
8405,12,12,14,168,0.32558139534883723,11.916666666666666
8406,43,43,9,387,0.9,8.069767441860465
8411,13,13,25,325,3.5714285714285716,17.846153846153847
8417,86,86,9,774,0.24324324324324326,4.232558139534884
8420,100,100,7,700,0.7777777777777778,2.96
8421,9,9,10,90,0.2127659574468085,18.88888888888889
8422,47,47,8,376,0.7272727272727273,6.723404255319149
8432,26,26,21,546,0.84,6.6923076923076925
8448,41,41,5,205,0.21739130434782608,8.804878048780488
8456,14,14,4,56,0.6666666666666666,13.642857142857142
8459,23,23,23,529,4.6,13.695652173913043
8463,5,5,15,75,1.0,15.8
8470,24,24,5,120,0.5555555555555556,8.708333333333334
8485,49,49,13,637,0.9285714285714286,5.714285714285714
8492,31,31,28,868,7.0,10.870967741935484
8502,65,65,17,1105,4.25,5.461538461538462
8506,53,53,29,1537,2.230769230769231,6.886792452830188
8507,13,13,9,117,0.5625,11.76923076923077
8509,7,7,11,77,0.7333333333333333,17.714285714285715
8516,26,26,11,286,0.5,12.423076923076923
8530,36,36,12,432,2.0,9.88888888888889
8535,69,69,15,1035,1.875,5.217391304347826
8544,12,12,20,240,0.5405405405405406,7.0
8547,23,23,7,161,0.21875,15.043478260869565
8574,8,8,15,120,0.8823529411764706,19.0
8579,4,4,17,68,2.4285714285714284,13.5
8591,10,10,4,40,0.8,18.8
8611,45,45,6,270,1.0,7.733333333333333
8627,29,29,16,464,4.0,9.758620689655173
8634,8,8,3,24,0.5,17.5
8637,5,5,10,50,1.4285714285714286,18.2
8650,34,34,12,408,0.42857142857142855,10.441176470588236
8656,65,65,17,1105,0.4722222222222222,5.476923076923077
8657,36,36,3,108,0.75,8.36111111111111
8661,38,38,12,456,0.35294117647058826,9.342105263157896
8662,34,34,14,476,3.5,6.147058823529412
8664,100,100,25,2500,1.3888888888888888,3.38
8672,36,36,4,144,0.5714285714285714,7.861111111111111
8677,44,44,5,220,0.18518518518518517,8.113636363636363
8687,73,73,18,1314,0.8181818181818182,4.657534246575342
8691,9,9,6,54,0.4,14.666666666666666
8694,12,12,13,156,1.1818181818181819,11.333333333333334
8703,100,100,13,1300,0.9285714285714286,1.48
8716,21,21,10,210,1.4285714285714286,13.666666666666666
8719,12,12,22,264,1.1578947368421053,20.5
8728,8,8,4,32,1.0,10.5
8737,86,86,30,2580,1.5,4.232558139534884
8741,13,13,13,169,0.325,9.923076923076923
8742,40,40,2,80,0.1,7.2
8747,82,82,5,410,0.07936507936507936,4.426829268292683
8748,63,63,3,189,0.1875,5.777777777777778
8759,5,5,2,10,0.125,20.0
8770,40,40,8,320,2.0,6.75
8777,27,27,6,162,0.25,10.185185185185185
8779,100,100,17,1700,2.4285714285714284,3.2
8790,33,33,5,165,0.8333333333333334,10.969696969696969
8794,7,7,4,28,1.0,15.142857142857142
8806,70,70,11,770,1.8333333333333333,4.614285714285714
8816,47,47,9,423,0.391304347826087,6.680851063829787
8817,23,23,7,161,0.3888888888888889,10.391304347826088
8839,5,5,11,55,0.7333333333333333,12.0
8841,60,60,7,420,0.14285714285714285,6.05
8845,25,25,30,750,0.8571428571428571,12.76
8849,28,28,23,644,5.75,12.035714285714286
8856,26,26,2,52,0.2222222222222222,11.5
8859,9,9,2,18,0.2857142857142857,14.444444444444445
8865,11,11,34,374,8.5,25.363636363636363
8873,39,39,13,507,3.25,9.205128205128204
8875,19,19,3,57,0.6,5.684210526315789
8906,12,12,13,156,0.9285714285714286,7.083333333333333
8910,26,26,2,52,0.13333333333333333,9.153846153846153
8911,15,15,1,15,0.16666666666666666,19.266666666666666
8916,16,16,8,128,1.1428571428571428,14.9375
8926,22,22,6,132,0.4,11.681818181818182
8931,23,23,9,207,0.75,13.0
8939,45,45,14,630,1.4,2.0
8941,28,28,13,364,2.6,12.428571428571429
8944,29,29,7,203,1.4,10.655172413793103
8962,12,12,11,132,0.9166666666666666,8.083333333333334
8963,12,12,2,24,0.09090909090909091,25.75
8967,4,4,25,100,5.0,17.25
8975,45,45,11,495,1.2222222222222223,8.088888888888889
8977,12,12,16,192,0.7272727272727273,19.416666666666668
8985,6,6,10,60,0.4,21.666666666666668
8994,10,10,11,110,1.1,16.5
8999,28,28,14,392,1.2727272727272727,9.571428571428571
9006,30,30,10,300,0.3333333333333333,8.433333333333334
9007,30,30,15,450,0.8333333333333334,11.066666666666666
9026,6,6,7,42,0.6363636363636364,21.166666666666668
9029,45,45,3,135,0.6,7.711111111111111
9035,9,9,12,108,0.12,3.3333333333333335
9036,100,100,50,5000,10.0,2.79
9049,65,65,5,325,0.3333333333333333,3.6
9062,46,46,9,414,0.5,7.434782608695652
9063,18,18,17,306,4.25,15.88888888888889
9070,61,61,10,610,1.6666666666666667,5.934426229508197
9077,16,16,4,64,0.36363636363636365,13.1875
9082,100,100,3,300,0.09090909090909091,2.24
9083,33,33,7,231,0.23333333333333334,6.393939393939394
9094,5,5,8,40,0.25806451612903225,9.6
9095,31,31,10,310,0.43478260869565216,9.838709677419354
9097,49,49,7,343,0.4375,7.408163265306122
9109,8,8,1,8,0.2,25.25
9119,37,37,4,148,0.16666666666666666,8.91891891891892
9124,15,15,11,165,1.5714285714285714,16.133333333333333
9141,96,96,10,960,0.37037037037037035,3.78125
9158,99,99,3,297,0.42857142857142855,3.585858585858586
9159,7,7,26,182,3.7142857142857144,8.428571428571429
9160,7,7,11,77,1.1,25.714285714285715
9161,10,10,13,130,0.7222222222222222,14.1
9170,20,20,21,420,1.3125,14.1
9180,21,21,1,21,0.25,13.095238095238095
9182,23,23,8,184,0.8888888888888888,15.391304347826088
9185,47,47,9,423,0.6,7.76595744680851
9194,30,30,2,60,0.07692307692307693,7.366666666666666
9208,27,27,9,243,0.13846153846153847,11.74074074074074
9209,65,65,12,780,2.0,5.569230769230769
9220,25,25,10,250,0.1724137931034483,8.32
9221,58,58,5,290,0.2631578947368421,3.396551724137931
9227,18,18,34,612,2.8333333333333335,14.0
9239,89,89,11,979,0.6111111111111112,4.101123595505618
9249,28,28,13,364,0.3023255813953488,7.214285714285714
9252,17,17,14,238,3.5,12.588235294117647
9266,8,8,15,120,3.75,22.25
9271,7,7,2,14,0.5,15.0
9278,23,23,12,276,0.25,7.826086956521739
9283,8,8,11,88,2.2,14.25
9285,6,6,3,18,0.23076923076923078,12.833333333333334
9288,18,18,8,144,2.0,14.333333333333334
9291,51,51,13,663,0.48148148148148145,7.137254901960785
9294,7,7,11,77,2.75,10.0
9301,6,6,3,18,0.3333333333333333,13.833333333333334
9306,8,8,6,48,0.4,15.0
9307,15,15,8,120,1.0,17.333333333333332
9321,29,29,38,1102,2.923076923076923,7.827586206896552
9330,69,69,5,345,0.20833333333333334,4.521739130434782
9331,24,24,4,96,0.8,8.791666666666666
9339,22,22,2,44,0.09523809523809523,8.0
9341,94,94,14,1316,2.3333333333333335,3.8191489361702127
9347,10,10,13,130,3.25,19.0
9351,6,6,15,90,0.5769230769230769,19.0
9364,29,29,14,406,0.28,10.310344827586206
9365,50,50,20,1000,4.0,7.3
9372,51,51,15,765,2.142857142857143,6.9411764705882355
9379,7,7,8,56,1.3333333333333333,10.714285714285714
9380,6,6,11,66,1.8333333333333333,17.166666666666668
9382,25,25,11,275,1.2222222222222223,13.16
9390,21,21,8,168,0.6153846153846154,14.904761904761905
9401,22,22,15,330,3.75,11.636363636363637
9420,48,48,6,288,0.8571428571428571,7.229166666666667
9426,13,13,38,494,6.333333333333333,12.0
9432,55,55,6,330,0.46153846153846156,6.6
9441,52,52,1,52,0.25,5.346153846153846
9446,13,13,8,104,1.0,9.76923076923077
9452,58,58,19,1102,3.1666666666666665,3.6724137931034484
9479,6,6,19,114,4.75,8.666666666666666
9486,55,55,34,1870,1.7894736842105263,6.036363636363636
9492,6,6,20,120,0.43478260869565216,20.833333333333332
9493,46,46,3,138,0.15789473684210525,7.630434782608695
9501,47,47,8,376,0.6153846153846154,7.425531914893617
9509,28,28,3,84,0.75,11.75
9522,13,13,10,130,2.5,14.923076923076923
9526,7,7,9,63,0.6923076923076923,19.714285714285715
9533,26,26,11,286,0.1111111111111111,12.692307692307692
9549,20,20,6,120,1.5,7.3
9579,9,9,5,45,0.29411764705882354,23.444444444444443
9583,10,10,5,50,0.45454545454545453,16.7
9591,24,24,3,72,0.15,13.75
9592,20,20,5,100,0.4166666666666667,11.25
9595,7,7,16,112,0.6956521739130435,20.285714285714285
9608,16,16,10,160,1.6666666666666667,6.25
9613,38,38,2,76,0.16666666666666666,6.973684210526316
9615,29,29,9,261,1.8,6.0
9637,10,10,5,50,0.8333333333333334,17.0
9642,28,28,16,448,1.7777777777777777,2.857142857142857
9650,12,12,10,120,2.5,18.0
9655,79,79,3,237,0.75,4.215189873417722
9660,15,15,6,90,0.6,11.866666666666667
9669,11,11,20,220,5.0,20.363636363636363
9675,45,45,22,990,0.6285714285714286,8.0
9682,100,100,10,1000,2.5,3.28
9688,19,19,5,95,1.25,7.526315789473684
9707,12,12,12,144,2.4,14.666666666666666
9710,21,21,6,126,0.5,12.523809523809524
9712,5,5,16,80,1.7777777777777777,11.6
9719,60,60,40,2400,0.975609756097561,4.75
9729,30,30,4,120,0.17391304347826086,11.966666666666667
9734,33,33,6,198,0.8571428571428571,11.06060606060606
9757,32,32,23,736,3.2857142857142856,5.4375
9781,15,15,4,60,0.18181818181818182,15.933333333333334
9785,13,13,8,104,0.1951219512195122,11.307692307692308
9790,11,11,10,110,0.7142857142857143,16.0
9793,15,15,13,195,1.3,12.6
9829,48,48,4,192,0.2222222222222222,7.5
9830,18,18,2,36,0.1111111111111111,17.11111111111111
9841,40,40,19,760,2.7142857142857144,8.925
9850,9,9,8,72,1.3333333333333333,16.333333333333332
9852,46,46,9,414,0.5,5.804347826086956
9867,16,16,9,144,0.4090909090909091,14.5
9868,22,22,12,264,0.75,14.954545454545455
9871,7,7,4,28,0.4,10.428571428571429
9898,28,28,5,140,0.625,8.071428571428571
9902,28,28,9,252,1.0,12.964285714285714
9910,100,100,3,300,0.03,3.4
9926,9,9,13,117,3.25,15.0
9929,31,31,11,341,2.75,11.03225806451613
9945,38,38,7,266,1.0,8.31578947368421
9950,69,69,4,276,0.4444444444444444,3.652173913043478
9967,14,14,4,56,0.6666666666666666,15.214285714285714
9969,19,19,4,76,1.0,16.0
9978,35,35,6,210,0.6,8.885714285714286
10000,73,73,13,949,0.5652173913043478,4.465753424657534
10020,62,62,10,620,1.25,5.580645161290323
10031,54,54,8,432,0.5333333333333333,6.592592592592593
10068,9,9,2,18,0.5,17.11111111111111
10080,9,9,9,81,1.125,8.777777777777779
10105,22,22,32,704,5.333333333333333,9.636363636363637
10114,57,57,6,342,0.3,6.368421052631579
10124,61,61,3,183,0.6,5.918032786885246
10126,17,17,10,170,1.4285714285714286,11.058823529411764
10130,9,9,5,45,0.45454545454545453,20.666666666666668
10137,44,44,19,836,3.1666666666666665,7.818181818181818
10141,22,22,12,264,0.34285714285714286,13.454545454545455
10143,14,14,4,56,0.6666666666666666,15.857142857142858
10156,55,55,20,1100,0.21978021978021978,4.0
10157,91,91,7,637,0.25925925925925924,3.967032967032967
10159,17,17,6,102,0.5454545454545454,19.941176470588236
10170,14,14,13,182,0.3939393939393939,17.928571428571427
10171,33,33,10,330,0.30303030303030304,8.909090909090908
10173,20,20,5,100,1.25,13.4
10185,4,4,6,24,0.8571428571428571,11.5
10191,17,17,16,272,2.6666666666666665,17.41176470588235
10193,9,9,8,72,0.6153846153846154,9.555555555555555
10215,55,55,7,385,0.5833333333333334,6.545454545454546
10218,85,85,9,765,0.5625,4.294117647058823
10219,16,16,5,80,0.12195121951219512,21.375
10221,80,80,4,320,0.8,4.5625
10228,4,4,13,52,1.0833333333333333,8.5
10236,46,46,8,368,1.0,5.391304347826087
10241,89,89,36,3204,6.0,4.089887640449438
10243,18,18,10,180,0.17857142857142858,15.61111111111111
10252,38,38,20,760,2.857142857142857,8.842105263157896
10258,11,11,13,143,0.52,15.454545454545455
10291,38,38,19,722,0.35185185185185186,9.368421052631579
10293,100,100,5,500,0.2631578947368421,3.39
10314,15,15,6,90,1.0,13.066666666666666
10329,20,20,11,220,1.1,13.1
10332,17,17,8,136,0.42105263157894735,16.176470588235293
10333,19,19,3,57,0.125,13.68421052631579
10339,5,5,5,25,0.4166666666666667,22.6
10343,7,7,12,84,0.41379310344827586,23.285714285714285
10344,29,29,2,58,0.03125,9.758620689655173
10345,64,64,19,1216,3.8,5.53125
10351,14,14,5,70,0.2,18.785714285714285
10358,60,60,14,840,0.7777777777777778,6.066666666666666
10370,27,27,16,432,4.0,10.62962962962963
10379,48,48,10,480,2.5,7.583333333333333
10384,29,29,10,290,0.20833333333333334,7.827586206896552
10395,8,8,3,24,0.06521739130434782,17.625
10396,46,46,15,690,0.6,4.934782608695652
10397,25,25,23,575,2.875,12.68
10398,8,8,8,64,0.6153846153846154,16.25
10412,10,10,5,50,0.2,20.7
10419,26,26,4,104,0.3333333333333333,10.23076923076923
10420,12,12,5,60,0.2631578947368421,16.583333333333332
10429,82,82,14,1148,1.75,4.378048780487805
10432,4,4,7,28,0.25925925925925924,16.5
10434,4,4,8,32,1.1428571428571428,9.0
10441,23,23,4,92,0.3333333333333333,12.608695652173912
10446,19,19,40,760,1.2121212121212122,4.631578947368421
10460,10,10,15,150,0.7894736842105263,15.7
10461,19,19,10,190,2.0,10.947368421052632
10493,8,8,29,232,2.6363636363636362,10.25
10502,100,100,13,1300,1.0,3.61
10510,19,19,10,190,0.625,13.947368421052632
10511,16,16,6,96,0.2608695652173913,12.375
10517,6,6,1,6,0.02702702702702703,20.333333333333332
10518,37,37,17,629,0.3148148148148148,9.243243243243244
10527,21,21,3,63,0.15,8.714285714285714
10535,85,85,10,850,1.0,4.235294117647059
10536,10,10,6,60,0.6666666666666666,7.0
10541,19,19,5,95,0.8333333333333334,14.105263157894736
10542,6,6,15,90,2.142857142857143,21.333333333333332
10543,7,7,3,21,0.5,17.857142857142858
10546,100,100,7,700,0.14,3.05
10548,34,34,16,544,2.6666666666666665,9.823529411764707
10555,7,7,17,119,0.8095238095238095,10.285714285714286
10563,11,11,10,110,1.4285714285714286,15.0
10569,10,10,11,110,1.2222222222222223,17.3
10570,9,9,8,72,0.6153846153846154,21.666666666666668
10579,60,60,8,480,0.2962962962962963,4.433333333333334
10580,27,27,9,243,1.5,10.37037037037037
10585,5,5,63,315,4.5,11.2
10586,14,14,10,140,2.0,15.071428571428571
10592,44,44,7,308,0.7,8.159090909090908
10595,52,52,13,676,1.625,6.923076923076923
10597,13,13,18,234,0.72,19.307692307692307
10600,100,100,15,1500,2.5,2.85
10627,14,14,4,56,0.5,10.5
10632,42,42,7,294,1.0,8.595238095238095
10635,33,33,12,396,0.8,8.454545454545455
10640,14,14,19,266,1.3571428571428572,16.857142857142858
10646,42,42,5,210,0.1111111111111111,8.428571428571429
10649,36,36,20,720,5.0,10.055555555555555
10660,90,90,19,1710,4.75,4.044444444444444
10669,50,50,4,200,0.3076923076923077,7.28
10671,6,6,15,90,3.75,9.166666666666666
10696,7,7,12,84,2.4,12.0
10699,23,23,4,92,0.5714285714285714,7.304347826086956
10704,45,45,13,585,0.7647058823529411,5.288888888888889
10712,29,29,7,203,0.18421052631578946,9.275862068965518
10713,38,38,18,684,3.6,8.078947368421053
10718,6,6,3,18,0.6,19.666666666666668
10722,19,19,11,209,2.75,15.210526315789474
10726,30,30,1,30,0.25,6.166666666666667
10743,30,30,6,180,0.13953488372093023,12.1
10747,100,100,8,800,0.7272727272727273,2.93
10757,47,47,7,329,1.75,7.51063829787234
10777,6,6,16,96,4.0,17.0
10779,10,10,14,140,0.9333333333333333,13.7
10782,30,30,5,150,0.125,7.666666666666667
10783,40,40,2,80,0.4,9.1
10785,5,5,13,65,0.3170731707317073,19.6
10790,7,7,5,35,0.14705882352941177,10.428571428571429
10799,4,4,2,8,0.07142857142857142,15.0
10827,45,45,18,810,0.43902439024390244,8.088888888888889
10830,28,28,32,896,2.909090909090909,12.75
10839,25,25,12,300,0.46153846153846156,10.36
10866,16,16,6,96,0.15384615384615385,13.5625
10867,39,39,8,312,0.19047619047619047,8.435897435897436
10868,42,42,7,294,0.15217391304347827,8.619047619047619
10875,43,43,1,43,0.05263157894736842,7.744186046511628
10877,19,19,7,133,0.6363636363636364,14.473684210526315
10882,5,5,10,50,1.25,19.8
10888,67,67,10,670,0.30303030303030304,5.417910447761194
10899,70,70,15,1050,3.75,3.8857142857142857
10915,25,25,9,225,1.2857142857142858,12.44
10919,12,12,17,204,1.8888888888888888,17.083333333333332
10934,100,100,13,1300,2.6,3.6
10951,6,6,20,120,5.0,19.0
10988,4,4,5,20,1.25,15.75
10993,17,17,7,119,1.4,5.647058823529412
11001,51,51,3,153,0.6,7.0588235294117645
11004,10,10,15,150,3.75,15.4
11010,11,11,15,165,3.75,24.545454545454547
11018,38,38,7,266,0.4666666666666667,9.157894736842104
11022,10,10,10,100,0.35714285714285715,21.8
11026,48,48,4,192,0.09523809523809523,7.5625
11027,42,42,4,168,0.3333333333333333,8.595238095238095
11036,49,49,8,392,0.38095238095238093,7.224489795918367
11039,11,11,6,66,0.13043478260869565,4.090909090909091
11040,46,46,9,414,0.47368421052631576,7.913043478260869
11047,19,19,9,171,1.2857142857142858,12.526315789473685
11058,69,69,6,414,0.8571428571428571,5.260869565217392
11060,12,12,10,120,0.8333333333333334,16.666666666666668
11062,50,50,7,350,0.7777777777777778,7.18
11068,29,29,25,725,5.0,10.482758620689655
11082,4,4,11,44,0.28205128205128205,5.5
11098,41,41,11,451,1.0,8.829268292682928
11110,46,46,7,322,0.7777777777777778,7.826086956521739
11111,9,9,8,72,0.11764705882352941,16.77777777777778
11112,68,68,6,408,1.5,4.3088235294117645
11116,16,16,16,256,0.43243243243243246,16.25
11119,24,24,2,48,0.5,14.041666666666666
11121,21,21,11,231,0.3548387096774194,9.285714285714286
11122,31,31,28,868,4.0,7.129032258064516
11137,18,18,9,162,0.391304347826087,13.61111111111111
11141,6,6,2,12,0.07142857142857142,11.166666666666666
11146,8,8,8,64,1.3333333333333333,8.0
11152,5,5,8,40,0.8,13.8
11171,5,5,9,45,0.6,18.0
11172,15,15,16,240,1.7777777777777777,12.933333333333334
11176,48,48,12,576,0.4444444444444444,6.645833333333333
11179,13,13,6,78,0.18181818181818182,20.0
11185,18,18,2,36,0.07407407407407407,6.166666666666667
11189,47,47,8,376,0.47058823529411764,7.446808510638298
11192,22,22,12,264,3.0,15.227272727272727
11196,8,8,9,72,1.2857142857142858,3.75
11198,16,16,23,368,3.2857142857142856,9.6875
11200,69,69,2,138,0.25,3.63768115942029
11208,15,15,4,60,1.0,17.333333333333332
11210,21,21,12,252,2.0,12.380952380952381
11216,44,44,8,352,1.0,7.568181818181818
11219,13,13,7,91,0.7777777777777778,16.76923076923077
11221,26,26,2,52,0.04878048780487805,10.846153846153847
11222,41,41,4,164,0.1111111111111111,8.24390243902439
11223,36,36,13,468,1.0,9.583333333333334
11225,63,63,17,1071,1.0,5.73015873015873
11231,37,37,49,1813,3.769230769230769,9.864864864864865
11233,33,33,8,264,0.3333333333333333,5.7272727272727275
11236,82,82,25,2050,1.6666666666666667,4.390243902439025
11241,4,4,35,140,2.0588235294117645,22.5
11275,22,22,8,176,0.34782608695652173,12.818181818181818
11286,7,7,3,21,0.3,17.0
11288,7,7,14,98,0.56,22.714285714285715
11309,26,26,4,104,0.2222222222222222,11.423076923076923
11315,64,64,29,1856,1.8125,5.703125
11319,8,8,3,24,0.6,24.75
11323,13,13,10,130,1.6666666666666667,5.538461538461538
11334,100,100,4,400,0.11764705882352941,2.48
11335,34,34,44,1496,4.888888888888889,10.558823529411764
11337,19,19,21,399,3.0,15.631578947368421
11344,5,5,11,55,1.0,20.6
11365,4,4,9,36,1.5,8.25
11374,16,16,14,224,0.14,13.0
11378,12,12,17,204,3.4,16.0
11386,39,39,1,39,0.08333333333333333,7.102564102564102
11387,12,12,8,96,1.1428571428571428,18.0
11418,45,45,7,315,0.6363636363636364,6.822222222222222
11419,11,11,5,55,0.45454545454545453,13.363636363636363
11431,84,84,18,1512,0.9473684210526315,4.321428571428571
11450,41,41,33,1353,3.3,8.414634146341463
11455,49,49,9,441,0.9,7.244897959183674
11457,39,39,16,624,2.6666666666666665,8.076923076923077
11478,38,38,26,988,2.888888888888889,9.289473684210526
11485,15,15,11,165,0.9166666666666666,18.266666666666666
11496,28,28,1,28,0.16666666666666666,11.607142857142858
11499,7,7,8,56,0.6153846153846154,17.428571428571427
11510,16,16,25,400,0.26595744680851063,14.6875
11511,94,94,42,3948,2.3333333333333335,3.851063829787234
11523,41,41,16,656,2.0,8.609756097560975
11529,48,48,8,384,1.6,7.520833333333333
11532,4,4,4,16,0.25,11.25
11547,54,54,5,270,0.8333333333333334,6.518518518518518
11562,9,9,9,81,0.6923076923076923,17.666666666666668
11566,11,11,2,22,0.125,10.181818181818182
11574,28,28,9,252,2.25,12.607142857142858
11576,42,42,8,336,1.1428571428571428,8.5
11588,100,100,43,4300,3.5833333333333335,3.56
11592,5,5,10,50,0.7692307692307693,18.4
11598,4,4,10,40,2.5,22.5
11603,70,70,7,490,0.3181818181818182,5.014285714285714
11604,22,22,15,330,0.4838709677419355,12.409090909090908
11606,4,4,6,24,0.4,17.0
11611,9,9,2,18,0.25,23.77777777777778
11631,24,24,8,192,0.17777777777777778,12.5
11635,17,17,14,238,1.1666666666666667,13.117647058823529
11637,41,41,9,369,2.25,8.536585365853659
11641,30,30,7,210,1.75,9.566666666666666
11650,60,60,9,540,0.8181818181818182,5.966666666666667
11661,21,21,9,189,2.25,11.952380952380953
11665,30,30,17,510,1.2142857142857142,11.8
11680,55,55,18,990,2.0,6.618181818181818
11685,18,18,8,144,0.27586206896551724,8.555555555555555
11689,9,9,7,63,1.0,14.0
11698,27,27,15,405,1.875,9.703703703703704
11712,20,20,3,60,0.2,6.9
11716,14,14,11,154,1.1,18.571428571428573
11719,12,12,9,108,1.8,23.166666666666668
11724,24,24,3,72,0.375,11.083333333333334
11727,4,4,7,28,0.3333333333333333,18.25
11729,40,40,49,1960,9.8,8.2
11742,50,50,14,700,0.6666666666666666,6.6
11752,18,18,7,126,0.5,14.11111111111111
11755,51,51,7,357,0.3888888888888889,7.117647058823529
11769,18,18,2,36,0.05405405405405406,12.833333333333334
11774,47,47,33,1551,5.5,7.680851063829787
11776,31,31,5,155,0.25,6.516129032258065
11785,44,44,27,1188,1.08,8.272727272727273
11788,7,7,10,70,1.25,12.571428571428571
11789,8,8,21,168,1.9090909090909092,7.625
11808,56,56,25,1400,0.2777777777777778,6.5
11819,36,36,2,72,0.18181818181818182,8.972222222222221
11823,36,36,4,144,0.13333333333333333,7.888888888888889
11824,30,30,7,210,0.2916666666666667,5.666666666666667
11828,25,25,7,175,0.7777777777777778,9.04
11833,22,22,4,88,1.0,11.818181818181818
11844,25,25,12,300,0.12,10.64
11845,100,100,22,2200,1.1578947368421053,3.22
11852,7,7,31,217,2.5833333333333335,18.714285714285715
11866,31,31,8,248,2.0,10.838709677419354
11888,70,70,22,1540,1.5714285714285714,5.1571428571428575
11907,85,85,30,2550,4.285714285714286,4.270588235294118
11912,47,47,41,1927,0.9534883720930233,7.76595744680851
11914,61,61,16,976,1.6,5.885245901639344
11924,27,27,4,108,0.6666666666666666,8.925925925925926
11931,16,16,6,96,1.5,12.0
11953,58,58,10,580,2.5,5.810344827586207
11961,14,14,14,196,1.0,12.785714285714286
11964,55,55,19,1045,1.5833333333333333,5.618181818181818
11980,100,100,3,300,0.058823529411764705,3.38
11998,47,47,10,470,2.5,7.723404255319149
12007,23,23,26,598,4.333333333333333,12.08695652173913
12010,48,48,20,960,2.857142857142857,7.25
12016,33,33,29,957,1.6111111111111112,11.06060606060606
12020,13,13,18,234,1.3846153846153846,21.23076923076923
12025,46,46,1,46,0.05555555555555555,7.521739130434782
12026,18,18,19,342,1.4615384615384615,9.444444444444445
12039,23,23,11,253,0.22916666666666666,10.695652173913043
12040,48,48,8,384,0.6666666666666666,7.4375
12042,13,13,5,65,0.11627906976744186,4.615384615384615
12043,43,43,11,473,0.19642857142857142,8.093023255813954
12044,56,56,13,728,2.1666666666666665,6.392857142857143
12046,54,54,19,1026,1.1176470588235294,6.7592592592592595
12049,18,18,4,72,0.5,6.055555555555555
12050,8,8,3,24,0.2727272727272727,6.5
12081,16,16,7,112,1.75,15.3125
12084,41,41,9,369,1.125,8.390243902439025
12090,31,31,20,620,0.3389830508474576,10.32258064516129
12091,59,59,17,1003,0.7727272727272727,5.898305084745763
12094,30,30,15,450,3.0,11.733333333333333
12102,100,100,51,5100,3.642857142857143,3.48
12104,16,16,8,128,1.3333333333333333,9.6875
12114,7,7,17,119,0.3617021276595745,17.571428571428573
12123,21,21,13,273,2.6,9.761904761904763
12126,6,6,6,36,0.42857142857142855,8.0
12132,16,16,34,544,2.8333333333333335,16.0625
12135,31,31,4,124,0.4444444444444444,9.96774193548387
12157,67,67,18,1206,1.0,4.895522388059701
12177,35,35,5,175,0.5555555555555556,8.285714285714286
12182,25,25,6,150,0.6666666666666666,13.32
12190,53,53,10,530,0.2564102564102564,6.415094339622642
12191,39,39,27,1053,1.173913043478261,9.102564102564102
12205,89,89,8,712,1.6,4.044943820224719
12208,5,5,7,35,0.2413793103448276,5.8
12232,35,35,6,210,0.42857142857142855,10.085714285714285
12233,14,14,7,98,0.4666666666666667,17.357142857142858
12239,35,35,2,70,0.3333333333333333,9.657142857142857
12249,57,57,18,1026,3.6,6.4035087719298245
12269,28,28,12,336,0.75,10.964285714285714
12273,38,38,13,494,0.7222222222222222,9.447368421052632
12295,7,7,12,84,3.0,3.0
12300,39,39,60,2340,4.0,9.23076923076923
12324,21,21,4,84,0.07017543859649122,15.285714285714286
12325,57,57,30,1710,7.5,6.4035087719298245
12326,4,4,9,36,1.125,3.75
12329,42,42,7,294,1.75,6.5
12332,6,6,33,198,8.25,15.166666666666666
12342,7,7,8,56,1.6,5.571428571428571
12356,35,35,2,70,0.14285714285714285,10.114285714285714
12359,58,58,8,464,0.8888888888888888,6.189655172413793
12374,7,7,28,196,1.0769230769230769,23.0
12386,47,47,21,987,1.75,7.042553191489362
12394,14,14,19,266,0.40425531914893614,14.0
12395,47,47,5,235,0.8333333333333334,3.4893617021276597
12407,47,47,5,235,1.25,7.659574468085107
12424,47,47,9,423,1.0,5.531914893617022
12433,30,30,31,930,3.1,11.866666666666667
12435,56,56,21,1176,0.9545454545454546,6.5
12445,20,20,1,20,0.03225806451612903,7.15
12446,31,31,18,558,4.5,11.612903225806452
12450,13,13,5,65,0.5,15.461538461538462
